RA,DEC,L,B,RV_ADOP,TEFF_ADOP,LOGG_ADOP,FEH_ADOP
313.17527,75.012432,109.281298574,18.9229046977,-16.1659,6131.35,4.06599,-0.980091
147.16262,50.702845,165.874867051,48.2940280125,-97.3431,6301.13,3.4072,-1.44953
180.5778,47.054181,145.546385269,67.8586286792,42.0681,6053.98,3.84578,-1.27315
354.52082,-10.642943,73.099306836,-66.1306599066,-74.9543,5264.5,2.5275,-2.91133
145.88361,53.915419,161.707788194,46.565161265,-33.7615,5125.75,4.40256,-0.532723
168.70474,-11.454292,268.476662898,44.8568892732,229.444,6604.11,3.80469,-1.99782
158.30288,44.695075,171.251200793,57.3246963586,-71.6346,6479.33,3.62689,-2.209
205.1365,-2.3601472,326.72659937,58.2246659012,-0.938775,5929.54,4.03129,-0.560359
70.718227,11.84903,186.046177545,-21.7010256944,19.598,6113.49,4.09583,-0.273654
313.2467,3.0208817,50.7718887553,-25.1846518974,-253.025,8779.46,3.44547,-0.974958
236.33025,17.270516,28.4256801423,48.7761291466,-77.3001,6145.97,3.83049,-1.29206
356.86014,38.007573,109.268913853,-23.1603466265,-8.92244,7869.24,4.13516,-1.01596
8.7805405,15.842857,117.189901488,-46.8469075312,31.9855,6146.52,3.97271,-0.671946
241.97033,4.435506,16.0481060907,38.0321581337,11.0806,6456.89,3.42168,-1.85502
338.98103,13.315974,79.5195578919,-37.8792808136,-50.978,4714.77,4.4371,-0.00342381
16.039027,0.947392,129.662324234,-61.7580451277,-161.653,5510.67,4.27616,-0.891589
65.421004,6.541577,187.400735377,-29.0492954061,55.1617,6891.79,3.67084,-0.816784
120.82071,66.442463,149.520113567,31.8481975228,197.534,6496.86,3.65743,-2.19547
65.781435,6.130756,188.021534297,-28.9999598197,9.90874,6367.17,3.56613,-0.276382
59.792268,-6.453029,196.843104569,-40.9295491785,47.8229,5350.47,4.43234,-0.474854
33.308312,7.719186,155.456454637,-49.9160361652,-26.5561,5537.59,4.23672,-0.0635385
199.1817,59.09613,116.850701577,57.7325343183,-84.3345,6232.74,4.04193,-0.602594
184.78624,53.854856,133.30797935,62.6180241685,-239.507,6962.46,3.3909,-2.20038
192.58197,30.833531,126.613830315,86.2867803026,32.008,5239.56,3.17942,-0.768044
29.0788,14.2013,145.775289066,-45.7731827642,-97.448,6221.51,3.80012,-1.19435
16.555027,46.255479,125.596590947,-16.5397758067,-66.3171,5708.48,3.92876,-0.68804
344.80252,-9.593919,61.1096552162,-58.256119894,-17.7157,6041.13,3.95595,-0.27753
116.06168,42.44899,176.832439831,27.2414998256,193.832,6348.93,4.22756,-1.70987
291.67578,61.848406,93.2405725799,19.7358887236,-12.9406,6713.1,4.10606,-0.365965
332.52515,-0.248339,60.9031305204,-42.8741819689,34.9962,4121.0,3.56536,-0.213171
21.419658,37.535892,130.405201147,-24.8384860246,-89.646,8260.18,3.17278,-1.42772
35.323856,0.907456,164.19707032,-54.6000810031,-13.1565,5968.0,3.71475,-0.510355
117.41926,18.992374,201.729717978,21.0971775704,67.6057,5283.05,3.50404,-0.609643
65.58314,33.984901,165.178306623,-11.0737477331,-8.54636,7636.42,4.2611,0.333098
168.81898,10.240628,245.041461557,61.7519174371,-6.58859,5832.36,3.5341,-1.40646
157.49914,17.720614,221.528128438,56.115475356,0.58404,5097.9,4.47349,-0.0149865
334.67438,-0.61891679,62.3640657301,-44.7835991138,-29.3321,5397.98,4.29287,-0.199884
219.13446,9.3087467,2.21786951088,59.4608873123,-111.859,6511.99,3.86859,-3.27484
49.343044,-0.28090642,181.579721536,-45.8732918163,-28.4621,5881.51,4.06744,-0.422846
155.95752,37.833412,184.393106401,57.3283408534,49.9571,4563.17,4.42348,-0.480743
161.27139,0.439703,249.005146353,49.6055184778,7.27961,5766.39,4.2247,-0.636051
114.04716,29.081301,190.42360034,21.8723576197,64.0677,6476.13,3.46791,-0.868582
355.15437,47.357415,110.682897721,-13.8229717945,-46.6424,4415.14,4.13832,-0.280928
177.07253,50.855275,145.500352404,63.4161685304,-68.5535,6028.53,3.94048,-2.12579
141.77591,43.838169,176.793925963,45.9792182095,60.4066,6013.94,3.93443,-1.00346
51.375365,4.489481,178.515394425,-41.1877874518,-10.0079,5067.4,2.33682,-0.822096
165.90472,49.189576,158.917150678,59.7225056181,-58.3274,6122.28,4.25828,-1.78083
112.5345,40.640599,178.0480806,24.2352264284,58.4927,5724.96,3.28636,-1.60267
19.659756,26.781046,130.410808895,-35.6953804902,-233.237,4815.73,4.55011,-0.975594
72.59232,21.884035,178.715760238,-14.2586585191,28.3782,5827.21,4.05732,-0.163408
18.698662,46.460677,127.117493448,-16.2211670574,-68.6972,5892.98,3.51147,-0.71583
186.94078,62.37557,127.658812447,54.5348645438,-119.147,6235.4,4.01631,-1.35413
15.631517,-0.402651,129.076955045,-63.1420281397,10.1775,5564.74,4.32816,-0.251028
19.644507,38.546806,128.737889562,-24.0187887074,-120.326,7322.32,3.91364,-0.764681
102.13348,38.024466,177.871467056,15.7834182974,79.7198,5343.79,4.10022,-0.485573
186.33858,54.104513,131.251137448,62.6004120105,-6.9097,4671.67,4.4475,-0.20872
191.12551,30.812451,144.896568935,86.0158991147,171.521,6301.07,3.25456,-1.59272
108.99188,38.712868,179.170888058,21.0612554183,-9.86414,5889.63,4.17526,-0.56701
152.21666,63.471528,147.317622749,45.2020745005,-24.2353,5193.2,4.63763,-1.01124
306.3464,14.705954,57.294207066,-13.1393937326,-2.80201,5473.16,4.14647,-0.342932
217.93722,21.248869,23.9593878392,66.4264407976,-113.47,5924.39,3.44644,-0.996887
114.11014,44.450165,174.29067804,26.3129323127,-46.9982,5723.11,4.34786,-0.297271
344.13811,-9.262658,60.8597248609,-57.5338422103,-287.165,4581.65,1.9954,-1.54372
223.16746,18.754184,22.6572523162,60.9454447209,-87.462,8184.42,3.13905,-1.89562
288.96458,38.140661,69.8611078111,11.9565000569,-99.4358,5008.55,3.0733,-0.629313
10.936068,0.649984,118.810761148,-62.1601871322,-152.677,6297.79,3.96615,-1.22692
149.65078,42.299367,178.041235967,51.8752522621,-129.823,5337.89,2.17033,-1.13291
232.09816,38.727673,62.6149667394,55.3886390801,-202.802,5847.53,4.25114,-1.83717
166.83303,38.333631,179.110822587,65.5249676062,-10.046,5369.53,4.40875,-0.212277
312.12823,-7.056441,40.2976862617,-29.1988178985,-39.6351,5549.03,4.15753,-0.267629
19.729703,31.530647,129.761735063,-30.9764022941,-7.02572,5960.74,3.93841,-0.340459
116.52928,65.253784,150.988490091,30.1426190959,-24.0633,5393.83,3.66253,-0.40681
119.38419,9.588376,211.698005604,18.9991736961,26.2784,5486.0,3.52586,-0.207497
316.10927,0.256521,49.8264173663,-29.073115284,-107.501,6184.15,3.81015,-1.28743
138.47637,30.977591,194.639122667,42.7707554397,37.8885,6233.28,3.80881,-0.432903
171.47899,20.799639,226.284952166,69.4961712582,162.124,6004.42,4.26817,-1.39348
113.88001,41.097261,177.859516757,25.3372582661,48.1583,5269.06,4.48671,-0.389648
215.27503,58.168042,102.28715053,55.2193873798,-10.7622,4684.86,4.401,-0.807034
150.2569,44.544021,174.335533181,51.8822402499,-8.43365,4751.25,4.41357,-0.586908
5.857152,35.099802,116.480252621,-27.4208223659,-41.8507,6052.15,4.039,-0.381414
322.99949,1.1489618,55.1208607959,-34.3661160632,33.7524,8425.89,4.29721,-3.2649
25.206068,0.480999,148.204559369,-59.9450973802,-106.145,7320.94,3.84823,-1.37081
308.16743,15.644678,59.0976349551,-14.0869831165,-20.3905,7514.4,3.89175,-0.103962
355.35623,-0.011529,88.2529087237,-58.0893316153,-87.1585,5390.4,4.39398,-0.901992
201.63134,52.912384,111.079452291,63.4009623334,-1.45066,6208.49,3.1471,-1.524
126.84596,-0.696684,225.051197079,20.868711694,117.24,6536.8,3.99204,-0.766781
181.78991,40.575298,154.32391354,73.7414871716,66.4402,6397.66,4.08266,-1.38678
225.34619,31.458799,49.5082276142,61.4435419247,-30.7363,5443.91,4.32809,-0.446593
252.46493,38.237145,61.5471040318,39.4867776615,-153.11,4854.68,4.64998,-0.826634
335.04932,-0.90151691,62.3893020846,-45.2527468211,-82.613,5538.23,4.44866,-0.636858
117.42645,27.539984,193.081939772,24.1615196381,4.37857,5838.8,3.53522,-0.330141
132.6077,19.277645,207.338711876,34.5679567898,32.8058,8533.04,4.53302,-3.67485
340.28321,21.93998,86.9931092269,-31.6873294258,-34.8409,6193.41,4.04289,-1.2317
20.985584,-0.091347,140.370758367,-61.8575792068,-44.5082,4503.16,4.27698,-0.626066
343.66052,7.747633,79.7113319244,-45.0996089778,-103.89,6319.85,3.87394,-1.51639
348.15691,21.201129,94.1099090167,-36.0801546168,-223.778,6280.18,3.44296,-1.49074
224.7742,28.163609,42.532862589,61.7912020434,-82.2072,6237.0,3.73571,-1.72892
201.84639,54.830231,112.051373033,61.5321218403,-27.3975,5995.61,4.15037,-0.556887
181.07491,20.135194,243.382165077,77.1481863209,-77.3077,6394.53,2.33438,-1.34633
206.60905,29.130136,45.5158064815,77.7178357945,-44.847,6075.12,4.37528,-1.51828
191.02692,28.126307,180.929934563,88.0941984279,99.7164,6315.05,4.15579,-1.65625
318.60172,10.916323,61.285290624,-25.0948557361,-57.4674,6025.02,4.09303,-0.337061
221.5376,-1.202712,351.825186279,50.450052454,-31.9519,6137.43,3.93326,-1.21453
123.10529,0.679639,221.85064717,18.2622020548,273.763,6411.21,3.98454,-1.42227
125.77727,33.035959,189.39506981,32.62417838,98.4349,5625.14,4.35812,-0.75964
310.78874,57.737769,94.3757040766,9.38524207841,-23.8522,4880.38,2.50713,-0.326374
245.16149,31.054698,50.9313310508,44.5432837919,-81.6598,8219.64,2.96177,-1.50392
300.95997,-11.508667,30.5496769081,-21.2183052501,14.86,6409.88,3.99603,-0.600137
176.82399,12.320453,254.370210244,68.9006137807,52.671,5990.78,4.43112,-1.34925
186.83654,-0.500537,290.115967723,61.7702679464,66.0472,6035.17,4.13494,-1.24241
38.516909,-8.005363,179.499214954,-59.0837870301,-104.561,5324.45,2.43651,-0.51738
336.45106,68.724902,110.31942332,9.49797620508,-35.8711,6666.87,3.67219,-0.100511
345.88268,1.2312588,76.0990176026,-51.5515090897,-38.721,5401.62,4.34387,-0.588153
233.84771,42.526052,68.6755059019,53.4472911498,-103.579,5995.3,4.19541,-0.783637
72.735476,-5.39603,203.429467294,-29.180474023,47.3288,4807.82,4.37168,-0.0531679
196.52765,50.704174,117.155730248,66.2591995518,-33.0853,5224.16,4.56753,-0.916247
130.46436,4.6255678,221.864343354,26.6041711115,86.7974,5780.64,4.11116,-0.425752
39.881622,26.952699,150.813655211,-30.0023744659,-38.7508,4976.96,4.74069,-0.84843
162.7688,-0.294086,251.452396982,50.1474811206,-27.6615,6331.71,3.68866,-1.3348
331.42365,-0.193463,60.0452542917,-41.9712466655,-29.43,4758.84,4.29822,-0.111828
209.81211,44.287877,88.9122074897,68.0948158242,-135.926,6328.62,3.42765,-1.9092
152.87804,35.056192,189.755538164,55.0997392548,-1.75881,5443.75,4.21511,-0.0362362
327.04795,0.56433442,57.4198430026,-38.0114544038,-12.1185,5806.94,4.11457,-0.551949
64.678368,6.355473,187.073024809,-29.7547579862,-22.4708,5389.69,3.8678,-0.401227
133.2908,36.879795,186.067052968,39.3631505664,5.68175,5499.91,4.29041,-0.217658
289.24996,61.787286,92.7638873924,20.7923683907,-265.998,7406.23,4.14124,0.41256
125.43566,31.036156,191.607191366,31.860878986,-68.4502,7874.01,4.00322,-1.18223
148.92603,1.9274938,236.205190247,40.9876079826,51.0444,6391.79,3.40059,-1.74175
35.857271,1.1143382,164.726428196,-54.1183124051,26.5308,4410.85,4.14117,-0.292707
8.4779188,0.95870844,113.690478466,-61.5981638533,-13.5896,4971.57,4.79607,-0.417864
32.071682,5.919227,155.116559948,-52.0843748191,145.555,5747.72,2.65312,-1.43691
139.00372,30.350153,195.590199289,43.1094037186,177.887,6509.71,3.71073,-2.57832
11.929414,14.351391,121.571752072,-48.5105336339,-7.83809,6357.0,3.28096,-1.51279
128.61883,38.969471,182.847593682,35.9788578488,26.2161,7892.86,4.12434,-1.46436
168.46996,9.624397,245.560134156,61.0913281578,36.4892,6311.37,4.09668,-0.448128
80.338834,17.103019,187.034337362,-11.0522923981,30.077,6643.17,4.00515,-0.515006
37.803284,26.612019,149.071404078,-31.1462870923,-17.5712,6194.38,3.97062,-1.29783
191.37707,-2.695897,299.956636088,60.1415932952,38.1331,5535.11,4.28576,-0.355743
242.22886,53.385152,82.8176140786,45.3700897702,-73.3668,6808.72,4.05965,-1.19985
224.12037,1.1004862,357.247095734,50.2992217541,96.4473,7076.13,3.65633,-0.962109
155.5762,38.395195,183.449811589,56.9493389943,104.169,6453.82,3.93197,-2.32814
210.89544,26.975916,36.5214841377,73.9504000527,-5.33426,5890.5,3.53792,-1.02552
50.026893,5.710651,176.107469328,-41.3239607696,3.53524,5486.76,4.48945,-0.512466
355.61529,44.9296,110.304947409,-16.2443337825,-50.2425,7005.65,3.449,-0.730868
234.66435,25.515065,40.1894475568,52.6672700876,-157.559,7603.89,4.40537,-2.12955
128.41574,23.338359,201.204087538,32.2197339085,-30.8282,7130.21,3.44625,-0.616846
185.00569,30.254616,186.672144095,82.4369546815,-32.5283,5507.28,4.27572,-0.57549
72.630564,21.772074,178.829715734,-14.2986552715,8.23117,6321.15,4.05924,-0.288076
182.29951,20.443453,245.377741185,78.2590851357,-17.1249,5264.49,4.45182,0.268671
214.63254,20.248229,18.5446136792,68.944263,-29.6977,5903.56,3.72425,-0.843113
256.24761,36.945266,60.4141605684,36.3479216239,-81.026,6021.18,4.36191,-0.723827
170.08855,60.159666,141.823305971,53.4999512841,-148.705,5501.06,4.4063,-0.583698
195.84628,59.694886,120.137088636,57.3684850639,-180.464,5898.22,3.6223,-1.73215
142.92493,49.68751,168.302447524,45.9151239021,-78.1662,6040.19,3.74367,-0.539697
230.56322,49.628932,81.2159619459,53.4653702306,-28.6693,5839.63,3.8339,-0.451989
148.57959,0.45001418,237.519792326,39.8468607827,54.9132,5668.19,4.29161,-0.289445
118.35241,17.769444,203.307249689,21.4415565621,21.1782,5120.52,4.37496,-0.389589
333.60764,6.941761,69.0357656609,-38.9778366333,-23.9008,4948.71,4.49501,-0.457082
116.28024,27.667468,192.581876503,23.2459159163,-98.2303,6155.33,3.75062,-1.10342
174.14011,14.18201,245.748497165,68.2696862339,55.1267,5863.05,4.29211,-0.933589
117.55044,15.925492,204.794782807,20.0084693923,51.7273,5337.82,4.53474,-0.333422
128.27623,12.604723,212.722261643,28.1825541541,-82.108,6415.42,3.98846,-1.72204
114.89319,33.939288,185.674945999,24.1119511046,43.17,4585.6,4.32798,-0.327362
160.41407,38.510483,181.851236266,60.6480057155,-39.3385,7562.94,2.99554,-1.53882
309.88349,0.603348,46.5953205964,-23.5503233854,-8.59168,5363.19,4.28251,-0.195404
31.072862,-0.48341,159.223250172,-58.1264891873,-13.3765,5697.4,4.09701,-0.29189
37.955845,23.828541,150.686698115,-33.5764720086,-64.3637,5175.64,4.47909,-0.553165
6.83815,7.9086399,112.629836038,-54.4806283764,-19.7146,6076.44,3.98245,-0.827658
334.98094,69.217158,110.14315259,10.19826208,-61.7701,6426.93,3.78376,-0.175587
177.85051,43.29036,155.984995691,69.78093376,-36.6115,6436.48,3.57357,-1.74191
150.81748,10.3516,227.662803902,47.0652837052,331.472,6058.43,4.30276,-1.92971
349.10164,53.018654,108.79210751,-7.22423273956,-17.039,5993.75,4.24606,-0.314908
253.62405,22.954571,42.9558829837,35.3159092485,-275.599,5781.13,3.44528,-0.826755
117.03772,28.813995,191.638964681,24.2533702748,16.1436,5672.51,3.81235,0.124029
235.91979,-1.4129041,5.45286207716,39.7035713783,191.148,8446.37,3.31988,-1.91028
123.88828,65.134224,150.915374886,33.229997692,-46.2887,5374.55,4.57102,-0.77867
250.5649,37.575403,60.4912603003,40.9133033365,-109.531,5562.4,4.42166,-0.903121
144.30247,15.808458,216.734319599,43.7093987033,30.8678,8070.33,3.32525,-1.7699
44.702126,6.082443,170.505842127,-44.7063237725,-168.644,5712.07,3.27174,-2.16538
101.69596,28.727566,186.496614836,11.7311092964,83.3149,6432.22,3.86132,-3.03014
242.77846,16.826653,31.1024467441,42.8826540741,-172.86,6312.96,3.43456,-1.29004
119.68489,9.982305,211.456254049,19.4360683284,87.5636,5486.4,4.27497,-0.364122
181.61478,10.19511,268.754325066,70.0230642624,-79.9926,6165.51,3.08343,-1.72183
149.41852,-0.435353,239.098388549,39.99510352,18.8217,6551.77,3.96031,-1.66669
180.831,39.55691,158.711943769,74.0494429099,-182.32,6326.4,3.70327,-1.48489
138.41736,11.266441,219.096653683,36.6312859578,-120.89,6381.57,3.9718,-1.23549
37.103569,-7.518224,176.934249136,-59.7892600221,83.4811,5576.87,4.27885,-0.457109
179.75899,30.034117,195.671394114,78.1424507075,-65.9312,5728.38,4.36204,-0.442129
223.51311,0.099569341,355.46722696,50.0332214318,179.082,7184.32,3.69141,-2.46743
219.30423,57.810837,99.045509106,54.134875015,59.7607,6720.99,3.68326,-2.08885
19.429971,-8.7643,142.850377311,-70.6128431994,152.869,5320.18,3.31475,-0.832089
227.56907,32.923688,52.4139581793,59.5362338398,-79.1116,4968.81,4.54452,-0.522793
146.90282,37.741352,185.576625129,50.2087026726,-174.271,7791.22,3.81035,-0.681599
224.68909,40.0467,67.2947567446,60.7194021301,-24.6719,4844.56,4.55768,-0.37112
245.44971,0.53459463,14.2415233008,33.0184278292,20.6626,6376.76,3.82482,-1.56514
171.66926,-7.089092,268.928943597,50.1026072436,38.2188,5372.4,4.51072,-0.77748
356.97798,-0.472862,90.5338555882,-59.2886399031,-31.0149,4070.39,3.7045,-0.354337
354.73863,8.007238,93.8217081083,-50.721939348,-101.231,6374.89,2.18545,-2.28492
202.36255,32.944069,70.5014000591,79.9327175335,-140.826,7372.17,4.03401,-0.84929
279.45563,40.653995,69.3776981037,19.7037792579,8.39105,4369.05,4.0254,-0.891605
204.7441,10.639493,339.362763923,70.0727114828,71.871,6160.61,3.98674,-1.34001
301.14143,60.059065,93.5767307411,14.8201647711,-95.0399,5957.67,4.19029,-0.521858
111.27154,36.528288,182.011391767,22.0881334593,164.807,4901.97,4.89225,-1.44641
127.42401,66.489401,149.0352201,34.4526086926,-83.3162,7984.27,3.98893,-0.935812
112.43897,35.784396,183.092164296,22.7542372594,-18.4337,5550.0,4.59772,-0.736923
82.929515,-0.984475,204.453512743,-18.1292153027,48.7453,5368.7,3.94509,-0.745948
35.822762,23.379387,148.800082221,-34.8366539484,4.62896,6155.14,3.98377,-0.588702
320.03724,73.377049,109.18387808,16.4437924376,-66.5068,5760.13,4.07958,-0.34851
323.97412,73.773558,110.286280643,15.9195273679,-67.8803,5719.72,4.31628,-0.390559
244.86797,15.986911,31.0642803775,40.7096478711,-20.5594,6297.64,4.22104,-0.56481
317.31621,9.1601,58.8946985636,-25.1208872403,-28.69,5155.2,2.59836,-0.271584
245.71215,52.681479,81.1526181933,43.5075914176,-145.622,6507.47,3.62969,-2.8057
177.14886,35.666702,176.510951353,74.1341798096,-241.263,8252.98,4.25206,-0.849464
36.484512,-8.397527,177.381515354,-60.8380688227,-63.4765,5367.2,4.44089,-0.894794
116.54396,64.918277,151.376480159,30.148325387,7.12974,5761.58,4.53496,-0.453947
354.18349,-9.5812842,74.2749006618,-65.1295619522,-18.6286,4655.9,4.40631,-0.283462
19.14043,32.517893,129.050277593,-30.0552096431,-172.964,6353.34,2.37751,-1.83759
170.34543,47.319538,158.077787387,63.1971064628,39.2746,5772.61,4.2931,-0.635445
2.9783547,-6.2574497,96.9185362281,-67.1113765215,-185.501,6284.16,4.24275,-1.21501
119.29967,15.214162,206.213034028,21.2669764063,40.6569,4922.43,4.22605,-0.378411
17.953808,-0.805692,134.299511845,-63.2268090756,-1.94053,5311.53,4.41991,-0.488508
187.93086,14.136681,282.460783264,76.2187014239,94.7201,6196.64,4.06183,-1.56257
241.17983,3.241539,14.2315805001,38.0717592693,-33.0111,5908.81,4.27859,-1.2724
171.88884,45.691216,159.30294725,65.066381591,36.7491,5319.89,4.46484,-0.819152
0.250877,27.0918,109.302173218,-34.441592058,-392.068,6990.62,3.86021,-1.5033
141.51834,22.666374,206.586854002,43.5304327805,268.159,6348.69,3.94447,-1.37159
283.75065,78.024354,109.549969782,26.3074335548,-43.3222,4678.9,4.4287,-0.720803
331.26297,45.523927,94.909831429,-8.10224292362,-55.5789,5792.0,4.15323,0.136988
70.475469,21.224666,177.997717143,-16.2159464929,33.0911,6695.23,4.08755,-0.562724
151.57374,20.869272,213.221302347,51.9363987695,43.7261,7430.49,3.63671,-1.05654
209.49111,-10.175249,328.559488453,49.3575693532,-25.2454,5262.1,3.98015,-0.974898
333.01654,-9.0249472,50.9785950649,-48.2798425867,-79.3105,6377.24,4.15153,-1.9837
11.836134,1.195666,120.776307157,-61.6589501744,-32.178,6069.09,3.58065,-2.49851
357.93969,40.587786,110.852615703,-20.8799994924,-6.38926,5478.8,4.36301,-0.176952
184.09383,5.7583227,280.040148851,67.0586773733,90.3536,5073.18,4.59468,-0.841542
197.99289,27.708457,41.3660052453,85.4068022997,86.2876,7234.36,3.97639,-1.08158
32.929373,23.259885,145.870995366,-36.0103468162,-5.85429,6353.21,3.87684,-1.34009
230.97682,50.451672,82.2869865188,52.8862240742,-20.2351,5607.91,4.218,-0.213477
334.81223,40.506774,94.0957680459,-13.6925424243,-63.8151,6013.44,3.73305,-0.81648
109.3626,39.578533,178.385008924,21.6054716141,42.4252,8396.81,4.33606,-1.42947
167.51959,-17.141483,270.995344551,39.3632620521,40.7482,6205.51,3.37615,-1.61773
118.84965,34.544541,186.061304937,27.4196856911,-21.2849,6265.75,3.81802,-0.768689
180.51386,-1.166287,278.171214623,59.3105670617,-22.8979,5479.63,3.09303,-1.4756
344.73699,6.931301,80.2061402218,-46.3984770983,-33.3466,5190.74,2.00198,-1.95514
229.47052,52.220361,85.6082207204,52.9447409336,-4.92959,4761.51,4.5207,-0.00393574
305.42896,76.194749,109.263027669,21.1802219456,-5.39661,5670.59,3.49719,-0.493732
141.68243,10.841247,221.359234147,39.3276896426,178.708,6330.21,4.01059,-1.62302
241.96859,34.639628,55.6416142543,47.6055915254,65.223,6018.82,4.17886,-2.36465
210.95231,18.373744,8.99944894827,71.1889553131,-40.2674,6420.6,4.13709,-2.6498
303.56075,-13.534152,29.6866689079,-24.3671340058,-321.671,8003.81,3.57387,-1.49918
307.18884,76.53975,109.801717902,20.9842495475,-26.2997,5829.36,3.70964,-0.581815
105.0266,29.106735,187.356254403,14.5492538445,12.8887,4850.78,4.3065,-0.0643432
151.34839,13.126148,224.355293321,48.814958168,109.584,6547.72,3.78941,-2.27156
225.42996,44.1972,74.7195735478,58.8263626643,-136.057,8594.62,4.19102,-1.76587
356.93775,40.592595,110.066620789,-20.6827614516,-30.8277,5437.69,4.16266,-0.126524
54.524374,-5.662813,192.141867306,-44.9598234468,21.6048,5448.44,4.396,-0.563654
313.4586,56.824818,94.5547318767,7.68699526488,5.18313,5987.38,4.13064,-0.427378
292.29105,62.084903,93.5853385382,19.5511833383,-25.4135,5463.2,2.44148,-0.625426
271.11941,23.361567,49.5193995543,20.3072630053,-68.9137,6874.87,3.80787,-0.107205
211.1765,12.459557,356.000513969,67.4245085475,-60.7068,6238.87,3.92152,-1.72395
9.9856911,15.391453,118.837620119,-47.3888931711,-378.883,6016.54,2.18124,-2.32163
316.16599,-0.14234498,49.4709114986,-29.3300404169,-103.776,5829.33,3.98337,-0.375244
142.0416,22.42609,207.096806496,43.9247505477,173.584,5533.39,2.52078,-1.74207
109.14702,39.152725,178.764079092,21.314559874,-52.7593,6228.76,3.62924,-0.113927
202.7128,25.107384,22.2700208124,80.9277627734,173.153,6330.29,3.66463,-2.81478
139.15179,30.074499,195.993140112,43.1864296022,16.3066,6404.46,4.05978,-0.445717
125.43652,15.510763,208.47746343,26.8196508656,39.8308,6432.94,3.72896,-0.6387
165.42508,45.984123,164.671559139,61.2571681833,-152.245,6299.34,3.75522,-1.54041
189.90646,8.3796228,293.904990241,71.044057865,260.201,5386.72,2.51421,-2.42665
262.30992,34.514922,58.6970179012,31.049736752,-42.9681,5491.06,4.36873,-0.717159
24.944543,-8.440577,156.64164988,-68.0896443103,39.9063,6078.0,4.09392,-1.28118
242.77271,15.799108,29.8044132979,42.5009986996,-65.3532,6106.51,4.00581,-0.924619
184.93167,38.867729,150.367863527,76.5221638169,-121.797,6417.94,4.22685,-2.34962
143.40251,15.635899,216.49420032,42.8435622055,-5.51227,6138.21,4.0048,-1.38487
190.61031,-7.909467,299.056129945,54.8945650256,-121.227,5409.58,2.29965,-1.21089
284.63532,19.400015,51.0760217474,7.20651392026,73.4889,4994.0,4.35524,-0.211362
221.97896,21.244531,26.7917744229,62.8591765077,-0.223094,4729.25,4.6086,-0.634474
192.67839,30.198465,125.851510844,86.9256777555,185.278,6561.36,2.52111,-1.31683
42.30061,0.606307,173.339626868,-50.3707323145,-16.8511,6014.85,4.21376,-0.684973
178.64642,7.0420208,266.454522533,65.802677165,16.3572,5554.52,4.62986,-0.979365
122.8761,38.152916,182.903862484,31.4158008744,29.5503,6143.61,4.08687,-0.493495
355.11204,13.934347,97.9790708153,-45.4700307465,-161.437,7693.66,3.32054,-1.40639
106.32756,40.011415,177.146824184,19.5363836192,40.6274,5441.45,4.33755,-0.145811
25.580563,-0.668233,149.812617625,-60.8562935634,-155.097,4511.65,1.27097,-0.52978
290.12466,37.811517,69.9611045873,10.9895770177,-40.8994,5512.26,3.81832,0.227909
23.894156,-8.912641,154.791684595,-69.0081000827,-7.33654,5786.71,4.27858,-0.27309
10.325685,16.003179,119.372914319,-46.7985213307,-274.213,4740.3,4.43252,-1.66635
123.81839,61.29377,155.498613906,33.5626730932,24.2237,5509.59,4.14359,-0.330662
356.95541,1.04405,91.859132098,-57.9375887501,17.1747,5935.98,3.95616,-0.286044
0.7837,-4.113896,94.216780306,-64.258648851,-14.1931,5635.52,4.32057,-0.249172
116.13526,23.118419,197.141209002,21.5305497915,33.5264,6123.99,3.4636,-0.539063
131.48137,6.490302,220.535536161,28.3683589268,13.9834,5973.14,4.07334,-0.497942
242.40845,18.248867,32.7522110538,43.7228102389,-41.2974,5792.77,3.65269,-0.46862
37.152538,-7.862056,177.500200519,-59.9891714464,73.3988,5788.09,4.27173,-0.379872
22.169568,6.676209,139.206403595,-55.0144903891,-69.7842,4791.0,4.32001,-1.90572
171.10376,19.630083,228.901327559,68.7079626695,172.154,6512.67,4.07415,-1.58918
113.76609,41.693764,177.197019081,25.4065507169,-190.596,5998.12,4.30893,-1.43582
256.05265,28.245611,49.9086807245,34.7065342465,-248.055,8629.33,3.39248,-1.46312
106.58471,39.169814,178.058407834,19.44115724,-26.8447,5909.99,3.76513,-0.0733874
173.18872,58.946964,140.727432964,55.3791357875,-52.8361,5931.77,3.93424,-0.543811
252.97056,23.620141,43.5140176324,36.0891257636,10.0176,5320.34,4.55168,-0.725003
27.525819,13.207203,144.214276589,-47.2258391375,-130.646,5840.71,3.94545,-0.95137
180.76483,10.556374,266.124646625,69.8912580998,166.487,6319.12,3.52388,-1.77943
46.678309,0.54038584,178.104098832,-47.3131395644,-96.6161,6144.61,4.28325,-0.893673
313.25898,3.0338592,50.7912295022,-25.1881837386,-146.609,6424.93,3.82141,-1.62298
20.448127,39.445195,129.295097981,-23.0512181288,-70.3528,5405.84,4.31219,-0.262957
117.92541,29.784121,190.895678524,25.2949833783,136.287,6084.69,3.88468,-0.763309
304.29128,60.295786,94.6025656173,13.5871067277,-50.3977,5225.59,4.00653,0.145973
38.425819,23.466686,151.345335682,-33.7013533186,1.26389,4815.02,4.49796,-0.122431
171.33656,67.362475,135.041407595,47.6908992859,-58.1164,5411.37,4.47738,-0.640465
287.85763,39.000216,70.2876160017,13.1030014932,-118.26,5456.61,3.68064,-0.417351
133.91759,51.083272,167.585372274,40.0321202022,-274.329,6130.43,4.35961,-1.50765
64.974176,5.934388,187.664552539,-29.7656449943,6.09797,4900.42,4.48456,-0.0649629
133.32963,37.85132,184.822070464,39.5053392719,2.77995,6363.05,4.47659,-0.701391
151.92849,36.348821,187.578591476,54.2737800004,-23.4366,6363.01,4.07904,-0.510857
28.799052,0.246316,154.769270513,-58.6275829666,45.5765,4865.51,4.37001,-0.648056
171.18831,66.031257,136.102048829,48.8209316749,-29.197,5776.37,4.27096,-0.0820627
153.23248,13.86752,224.58115192,50.7859355458,-18.3107,4807.42,4.37837,-0.234408
240.73547,17.60821,31.1260937889,44.984688592,-190.299,5045.02,2.9883,-0.920299
354.30303,-0.53848254,86.0357168664,-57.9911530888,-11.4088,4813.2,4.5022,-0.37712
191.30475,14.575398,296.037829924,77.3638273449,111.832,6450.51,3.52525,-1.50833
132.47124,10.059477,217.366836859,30.8403461871,44.4404,6027.53,4.1603,-0.550752
230.19992,9.5883703,13.6510406266,50.6826762219,-65.481,5661.93,4.26517,-0.620893
345.98053,6.212961,81.0164733013,-47.7165925222,-0.103389,5373.91,4.15289,-1.92838
276.87626,20.640941,49.0668647598,14.3328060223,27.1806,5970.69,4.04309,-0.763702
306.60519,14.88123,57.5854010191,-13.2532034585,-53.3452,5503.48,3.76018,-0.755641
199.34806,38.999426,100.039574382,76.9522169808,-2.60638,6718.62,4.07367,-3.06268
132.89425,12.151075,215.353067501,32.1042649878,42.4489,5579.85,4.37791,-0.358012
259.39996,43.2041,68.4324703857,34.77994978,-113.715,4924.02,1.53544,-2.70419
168.87173,18.837939,228.46113223,66.462849502,66.0662,5298.89,4.55552,-1.75817
229.67678,14.368864,20.0506999822,53.4513215778,49.7388,7476.72,3.93276,-1.11692
201.26308,0.72918931,321.315058903,62.3951250323,27.3901,6353.0,3.82771,-1.46842
4.270565,34.143252,114.870366796,-28.1901409559,-55.5283,5735.3,4.27848,-0.593959
229.08633,52.109411,85.6324851304,53.2048028931,-90.6524,8205.59,4.47468,-1.10551
2.258852,24.710351,110.826972272,-37.1627050252,7.90754,5624.34,4.27507,-0.293989
121.20762,7.198548,214.810423729,19.57798679,22.3173,5031.55,4.47082,-0.0735355
170.81791,-12.460667,271.718060435,45.0011649177,-3.09085,5353.34,4.36405,-0.702089
172.09404,18.897805,231.875706334,69.2285826728,120.532,5854.09,3.88096,-0.461025
321.43091,10.32507,62.6591730269,-27.657533142,-26.147,5642.03,4.20729,-0.639968
243.17864,31.303596,50.9309006848,46.2578530438,-213.676,5851.72,3.64029,-0.754355
8.0357866,15.676167,116.121726961,-46.9402880021,-191.472,6007.86,3.46729,-1.59026
178.37739,13.248579,255.778759035,70.6091489267,-5.33671,6098.85,4.28148,-1.49623
257.14368,41.367858,65.9676796958,36.2401557307,-189.911,6855.24,4.11279,-1.72205
253.94221,42.257382,66.8291458264,38.6930306265,-239.582,7393.92,3.61423,-0.892343
146.2291,61.025673,152.255265519,44.0245508747,-71.453,5812.1,3.63652,-0.635293
289.35168,37.409121,69.3204582833,11.3662377577,-46.7409,5052.82,4.36762,-0.186293
335.54506,-1.1981528,62.5087992751,-45.8242908741,-33.8273,5300.53,4.4852,-0.894761
46.91194,1.214322,177.618884545,-46.6812781521,-29.5489,5540.99,4.30393,0.0427636
147.04714,54.45293,160.633180045,47.0247924848,18.8738,6028.88,3.897,-0.681401
163.98245,-0.40251167,252.953552143,50.9051244735,-55.5588,5648.22,4.38975,-0.985564
122.90952,7.1658747,215.640195091,21.0769431069,94.8042,6268.73,3.46786,-0.754791
118.6214,41.194007,178.689098757,28.8314113356,-6.4621,6169.47,3.23227,-0.503902
55.097699,-7.544647,194.831755602,-45.4855912336,69.6014,6578.7,3.77158,-2.52387
29.501989,-0.673305,156.818445437,-59.0934556034,-26.5355,5426.39,4.22836,-0.231428
261.28551,62.893878,92.3098110026,33.7113224824,-223.241,6051.18,4.29486,-1.70829
153.13081,8.4416723,231.8137469,48.0729144036,4.15756,4220.4,3.97859,-0.404395
32.927202,7.284381,155.266063674,-50.4790373348,140.977,6401.52,3.76827,-1.37713
36.313397,-0.9561015,167.542560226,-55.4824583153,6.51998,5815.05,4.21162,-0.637631
99.606748,26.928792,187.350402557,9.29306993224,12.3427,5924.73,4.00139,-0.485124
151.04697,12.460245,225.054405304,48.2532403645,-6.77168,5886.73,4.0218,-0.683197
48.870084,18.992555,163.981240532,-32.16296104,-16.2046,7904.61,4.25885,-0.566731
24.195655,24.756762,135.842730793,-36.9755722674,-35.4559,5413.0,4.41913,-0.44715
249.16018,37.087512,59.706604239,41.9808629479,-218.111,7291.49,3.29592,-1.2396
132.75596,46.487842,173.608046873,39.502746856,184.241,6296.85,3.92098,-1.46656
243.79843,16.539853,31.2325032467,41.8689388619,68.7739,6936.45,3.8961,-0.70548
288.95323,37.971237,69.7005935343,11.8923167848,-7.56883,6181.29,4.01387,-0.515478
256.4057,27.692753,49.3602761422,34.2609573973,-270.324,6212.02,3.57453,-1.73386
118.01281,30.574014,190.088951547,25.6096812916,-130.44,7438.3,4.10979,-1.33187
198.53506,16.883469,331.237034778,78.4877520319,-16.1776,5464.23,4.62325,-0.81221
229.59625,7.3557569,10.2055099381,49.9727951671,33.0244,5423.29,4.49879,-0.222166
351.25837,51.448289,109.493840326,-9.15493113064,-94.114,7810.06,4.2762,0.206291
255.41354,27.964425,49.4001480172,35.1788798841,-48.4468,5889.71,4.09478,-0.426536
357.11163,-10.343733,78.4573663302,-67.5983612315,-5.99151,5450.49,4.40121,-0.472286
37.042802,-0.94823918,168.526955717,-55.0164965973,-24.3262,6038.43,4.07064,-0.649003
10.083417,14.374227,118.878932629,-48.410118776,-107.084,5680.69,4.37169,-0.812917
172.2466,46.236347,157.949277368,64.8897297103,-12.6816,4750.12,4.43381,-0.595612
44.829962,5.790569,170.912425779,-44.8406715279,-226.875,6373.94,4.22306,-1.3819
37.66746,-9.244375,180.262248866,-60.5306044901,-87.4557,5392.3,3.78819,-0.859195
141.45508,6.45702,226.160495661,37.0814039625,-9.59499,5592.97,4.12368,-0.143643
192.68935,10.418552,302.349982473,73.2895330611,-41.1956,5731.66,4.22363,-0.642875
215.83163,-3.0131557,342.838260949,52.5897121038,29.0132,7484.71,3.98062,-1.81653
311.45552,15.786115,61.0846759022,-16.6103135497,-34.1465,8724.29,4.11126,-0.322798
306.71925,13.437334,56.4019176066,-14.1335195694,-221.256,6538.41,3.81351,-1.98732
200.57827,34.01719,80.8694364844,80.43458031,58.2198,5058.2,1.69898,-1.64325
320.40018,0.273898,52.5159137227,-32.6908454859,-155.737,5974.47,3.93473,-0.733207
112.17634,15.253851,203.22043833,15.009270197,82.7686,5643.78,4.42454,0.130033
150.10969,1.1626168,237.949242913,41.5028968697,2.74558,5523.83,4.39729,-0.71224
356.50046,0.094149,90.2475209297,-58.5622222709,54.8645,5390.4,4.49471,-0.545498
168.59726,67.286453,136.440382831,47.2155268102,-29.0332,5510.67,3.73687,-0.0254822
250.75302,26.292847,46.0480300591,38.760579599,-310.917,6441.83,3.34849,-0.959873
355.46635,-9.8573064,76.1094428827,-66.1799762966,-44.6429,5917.67,4.33051,-1.37207
339.99858,23.956024,88.0544165961,-29.8702294361,-63.5926,5649.08,4.20135,-0.30048
197.51835,38.884152,105.784628468,77.6168814468,-17.9156,5202.38,3.46917,-0.643672
134.30483,62.853029,152.597521984,38.1409006825,-131.147,5210.61,4.47722,-0.635852
20.108245,39.006611,129.070442426,-23.5192939555,-44.9187,5533.1,4.28754,-0.454816
30.231709,-0.782754,158.14703324,-58.8196033288,1.12301,5569.1,4.09685,-0.0304409
241.47053,23.059867,38.8216711926,46.0560091859,-4.95259,5681.57,4.16007,-0.347242
291.65145,38.195028,70.8532462686,10.0812112368,-65.8498,4964.09,4.41324,-0.0153669
194.90791,20.873936,320.016085537,83.4721623075,-19.7173,5449.17,4.49189,-0.465488
167.76646,38.111561,179.012793269,66.2901199445,-97.8065,5504.92,4.3126,-0.57613
209.36971,0.76426068,336.68218307,59.2379893635,89.051,8783.59,2.98112,-2.62085
243.93138,44.913148,70.6098949526,45.8868685,-142.636,6199.23,2.27158,-1.70131
74.162647,-3.8930648,202.696577336,-27.2144830495,57.6817,6071.44,4.08382,-0.426511
277.43516,20.853097,49.4862597167,13.9419326084,-32.082,5585.02,4.14553,-0.0835799
36.021373,-8.9818227,177.625535128,-61.5709995249,-106.837,5994.5,2.96102,-0.885763
7.786223,6.991425,114.010791568,-55.5284280248,-17.2717,5294.31,4.39181,-0.437006
309.83355,77.180508,110.720275706,20.7963665034,-41.7236,5247.87,4.41852,-0.236356
154.08639,7.9775842,233.161278023,48.6278526453,220.668,6219.28,2.98707,-1.1221
194.5339,59.780026,121.370771002,57.3279173855,-55.1871,5615.12,4.32254,-0.442978
171.44841,19.012047,230.824429642,68.734863984,294.208,5940.35,4.00883,-1.86658
128.75489,13.369933,212.142846089,28.9201590883,281.104,7841.14,4.36596,-1.52384
113.90905,66.043907,150.059346203,29.0755830002,-18.8987,5406.7,4.56709,-0.463518
116.4112,18.062883,202.248074024,19.8555238647,151.632,6281.53,3.71193,-1.57356
39.505243,28.629517,149.588157441,-28.6677191407,-2.94826,4933.29,4.49929,-0.629956
210.07543,17.436332,5.13506322762,71.3849223894,52.063,5928.1,3.59926,-1.03972
7.3357446,14.380364,114.898804537,-48.1464602317,-44.124,7208.83,3.52723,-1.48251
143.10767,22.774097,207.020213971,44.9672341955,29.1344,5923.62,4.27665,-0.579363
193.80827,50.903534,121.448320647,66.2137821348,-27.999,5457.24,3.89761,-0.793649
196.32027,57.192313,119.199833303,59.835512647,-54.2729,5056.77,4.52408,-0.530226
214.93453,36.462291,64.9598660134,69.1134247781,-156.383,8181.69,3.414,-2.14393
261.77758,34.873197,58.9884404375,31.5576081795,-5.1614,4498.81,4.28717,-0.181583
329.96048,44.64792,93.6347910397,-8.24412920917,-59.5113,6163.05,3.61765,-0.3561
252.12084,32.598713,54.2880990542,38.9685262783,-68.064,6111.67,3.64035,-1.58985
95.044909,40.438809,173.301410808,11.7514828722,36.0682,5063.94,3.38161,-0.325184
354.58711,9.502963,94.618563748,-49.3086101171,0.14332,5401.37,4.18295,-0.739809
130.17976,6.421403,219.933623404,27.1877117875,-19.8206,5067.76,4.33593,-0.729138
106.85537,11.977728,203.985904703,8.9341648218,86.1202,7687.44,4.09936,0.0584989
192.66364,8.970189,302.311207605,71.8409948814,13.3991,4816.76,4.47379,-0.200242
73.570442,-3.5441745,202.031951663,-27.5647912241,73.6906,5194.8,4.32929,-0.491444
342.78954,-9.5643623,58.9570726268,-56.6435957945,-43.02,5951.8,4.08723,-0.995102
6.3047199,7.8228698,111.708479236,-54.4765273969,23.817,4846.99,4.75263,-0.961277
319.39223,-6.941752,44.4047472799,-35.5223660774,-40.3472,5415.86,4.48944,-0.248043
199.84021,17.250321,337.520715451,78.2020870972,6.885,5445.54,4.47916,-0.679597
206.65832,18.226882,0.809810393578,74.4847091552,13.2143,5224.95,4.56862,-0.794748
48.775216,5.806789,174.840900151,-42.1405624652,-154.507,5309.01,2.03034,-0.969636
155.09717,26.390427,205.385511947,56.4021279683,78.8505,5551.15,4.4837,-0.853902
140.21318,14.968121,215.720589949,39.7497814533,432.224,6280.1,3.76431,-1.18174
13.3716,0.84059204,124.023658664,-62.0268155617,-59.8534,5839.59,3.98043,-0.927775
259.65609,28.156477,50.8215522266,31.6229323006,-105.384,6253.49,3.69581,-1.52921
23.432715,24.211071,135.13554585,-37.6564242829,18.5792,6240.46,4.00093,-0.193526
47.741726,4.413889,175.185128764,-43.8541481741,2.81048,6119.98,4.01739,-0.674382
320.01489,10.069325,61.4712318615,-26.7135616044,-90.3733,7488.15,4.07149,-1.74572
250.33842,37.185634,59.9543614703,41.0548641844,-144.199,6120.31,3.77199,-1.66688
240.01261,4.3514806,14.6396009874,39.6489187123,-145.77,8992.33,3.30923,-1.75129
232.46204,57.011144,90.92106206,49.0977463708,2.09512,5361.67,4.38009,0.0785335
37.031425,24.111448,149.626986855,-33.699585053,-21.7488,5593.35,3.87327,-0.707972
246.43182,-0.41983525,13.9166705968,31.676733838,-17.328,8802.49,3.27546,-1.82092
43.560719,-0.092996,175.512422663,-49.994928623,-36.9391,5743.35,4.19864,-0.436443
261.10568,26.250738,49.1361613403,29.8354134676,16.6956,5478.4,4.34477,-0.558967
181.50467,11.956062,265.648131138,71.4599451654,119.782,6520.49,3.45762,-1.49767
312.36241,-0.24230367,47.166945366,-26.1176088937,-61.724,5929.25,4.07405,-0.460535
223.6043,42.623194,72.8129370596,60.6466546819,-173.294,5420.47,3.81871,-0.555475
18.894501,7.15663,133.469350943,-55.2204573217,20.8422,6002.65,3.99183,-0.443862
172.32153,44.549587,160.927973218,66.038187916,-40.5266,4498.85,4.30209,-0.312295
255.57189,29.60533,51.3903811433,35.4519556894,8.87287,5538.4,3.88161,-0.0553798
330.51773,46.239122,94.92462024,-7.21882891859,-12.5112,6355.16,3.89665,-0.636894
171.71376,45.876633,159.160944621,64.852666457,57.8732,5970.56,3.85416,-0.78721
187.07985,55.574255,129.729052195,61.2478490025,-232.008,6309.9,3.34531,-1.49198
180.29578,47.108596,145.911518825,67.7144532462,150.921,6443.1,2.008,-1.39686
71.983427,-4.1327254,201.747793146,-29.2354879014,109.587,6204.93,3.90304,-1.05381
158.01966,44.276988,172.106846994,57.2802589686,-111.995,5406.03,4.40694,-0.47247
124.96878,32.514875,189.804863703,31.8409407647,20.4931,6231.06,3.73896,-0.340405
197.32588,19.965471,333.608618448,81.751686805,27.2488,4755.67,4.58466,-0.477365
114.09999,16.738193,202.602104613,17.3048658,38.0609,5330.29,3.46014,-0.544258
335.47701,0.15516489,63.9272707227,-44.9061375016,-58.8133,5832.71,4.23005,-0.58657
106.88884,38.814602,178.497537583,19.54453669,25.8871,5672.65,4.32298,-0.328458
159.96029,36.734402,185.548299075,60.6442013148,-56.9116,6117.16,3.01996,-1.3527
117.04448,17.365775,203.182552996,20.1361144833,46.3048,6861.78,3.89742,-0.33296
118.63521,22.263448,198.90717602,23.3709237379,66.8436,5061.19,4.34028,-0.220889
115.92727,17.671008,202.437816643,19.2778173213,62.1411,6042.35,4.09662,-0.630438
45.170745,-0.17657807,177.334949372,-48.9015480854,-128.471,5940.54,2.66415,-1.1693
139.67211,30.732666,195.206370017,43.7418516757,93.147,5059.02,2.57474,-0.84064
120.50183,18.964941,202.954797493,23.7834376458,54.9671,6396.77,3.97038,-0.740474
179.68138,48.345105,145.208789172,66.439750145,-63.8498,4719.4,4.59954,-0.880085
20.81812,40.857871,129.399485407,-21.6137570145,-84.876,5113.87,4.35585,-0.269487
156.22122,56.621448,154.142784486,50.6846096027,48.1121,6441.9,3.99938,-2.48619
130.17335,14.571509,211.505977287,30.661715445,87.8988,5049.92,4.40312,-0.483202
323.30843,-1.018151,53.1335233369,-35.8318963419,11.8063,7005.19,2.74003,-1.45777
310.60558,77.368655,110.987544826,20.7530944836,-29.2286,7999.03,4.19679,-0.0384118
141.73595,16.087639,215.103577943,41.5349242012,80.8621,5815.82,4.07025,-0.693827
215.52285,57.025938,100.876592629,56.0489431546,-155.989,5896.73,4.23413,-1.93311
148.1853,52.211124,163.419067081,48.4307901769,-1.93672,6850.73,3.64824,-0.201124
262.85713,9.01611,32.0322390808,21.8467278856,3.62688,5582.81,4.30848,-0.222314
31.75367,-0.204809,160.027771398,-57.5284888855,122.404,6319.38,4.12055,-1.32339
52.642535,17.830327,168.075890457,-30.7610471405,0.00502586,5621.68,4.35614,-0.476277
351.23697,52.824355,109.942484937,-7.85229593815,-4.58379,6097.38,4.27458,-0.470208
117.75464,23.161275,197.678822627,22.9346850719,51.6601,6458.34,1.87066,-0.970938
171.41425,58.721142,142.291106161,55.0648394378,-56.2357,4575.33,4.42873,-0.640063
48.741077,6.106725,174.524542716,-41.9510298905,-53.4083,5751.96,4.12165,-0.279083
30.057939,0.782023,156.372049098,-57.5532858394,11.024,5387.01,4.4066,-0.139684
50.396274,4.281501,177.831616657,-42.0450875449,16.8899,5559.3,4.17365,-0.0697946
50.030574,41.103087,150.859261577,-13.5687008371,-56.9991,6217.55,4.21264,-0.405657
139.22653,19.913397,209.235030814,40.6531378693,258.948,6246.78,3.36391,-1.96173
342.20821,22.178675,88.9059344803,-32.4703556154,-93.639,5977.15,3.92447,-0.58267
240.55713,14.328876,26.7918685902,43.8852344335,-69.4615,6232.63,4.07092,-1.18742
194.15758,49.476267,120.715385991,67.6296302864,62.4794,5070.9,4.48021,-0.714648
140.99394,42.760487,178.390666569,45.4861445572,-17.5839,6157.79,3.91812,-1.38287
73.449073,-3.3512906,201.77539529,-27.5774814385,231.529,4907.63,4.36887,0.0269168
51.137209,6.39304,176.474544769,-40.0561757846,3.21805,5465.97,4.34979,-0.265306
243.95739,5.4970131,18.4703512044,36.8709760047,68.8812,8805.95,3.35562,-2.05753
143.32502,30.909575,195.634801686,46.8692392216,295.186,6242.16,3.98793,-1.34485
254.35975,24.389063,44.8781448831,35.1035403907,-16.9478,4895.2,4.55315,-0.695481
255.71915,27.215956,48.6057214237,34.7210873166,-40.3744,4703.64,4.3782,-0.536556
249.84965,12.789165,29.7656310912,35.0128542559,-104.414,5150.52,3.94665,-0.839286
44.683385,5.477603,171.052785886,-45.1713936292,-36.8667,5930.43,4.14268,-0.477541
192.45058,9.629181,301.591413306,72.4966737306,6.95605,6737.68,3.18269,-1.3141
66.358169,30.920277,167.915194867,-12.7007942167,-37.8372,6714.91,4.00797,-0.199573
98.829998,26.567489,187.371738254,8.511265845,4.88198,5398.73,2.73061,-0.427653
168.34502,58.841008,144.363525447,54.0162512014,-35.5541,6270.7,4.02644,-1.33712
256.39654,28.299612,50.0669929968,34.4278790765,43.0592,5632.21,4.34696,-0.517882
161.46829,14.733165,229.524499636,58.2886520687,92.4989,5876.91,4.18239,-0.521689
310.77107,1.183033,47.632047812,-24.0232834534,-32.3671,5529.61,4.09038,-0.0610978
118.14715,24.566988,196.38336867,23.7655556206,59.652,5362.78,4.4173,-0.438806
183.37888,54.625709,134.512995842,61.6416439047,-55.2678,5590.15,4.07831,-0.454773
154.40911,13.639609,225.719865743,51.7079649927,242.37,6213.84,3.08934,-1.42698
50.964647,41.546387,151.202881282,-12.8093356787,-59.8867,6359.55,4.1934,-0.549066
352.13887,50.079622,109.575179124,-10.6303688073,-3.39614,5745.57,4.20496,-0.282363
182.04357,0.31869139,279.97136934,61.2468550789,35.375,4479.73,4.43865,-0.512004
64.496841,5.618027,187.63756655,-30.3358018814,23.3559,5549.81,4.23107,-0.151153
254.47277,21.558256,41.645630597,34.1297373886,-87.8517,4732.0,4.74427,-1.3576
130.32753,46.4148,173.689267814,37.829303525,-26.5722,4627.98,4.21337,-0.22344
228.30761,7.642323,9.44290267441,51.1893398368,-30.1225,5842.39,4.09007,-0.60174
259.05205,43.107749,68.2822453308,35.0218535603,-121.83,5805.94,2.67646,-2.40231
253.27677,39.019389,62.6344539646,38.9351161238,-24.829,4725.54,4.44502,-0.438112
159.69407,44.959481,170.106706392,58.143338413,-277.211,6040.34,4.2648,-1.1272
16.009951,45.800353,125.228305054,-17.0152003818,-63.858,5677.31,4.38861,-0.248109
245.35996,30.044059,49.575355906,44.2096773489,-1.04576,6299.42,3.53879,-1.41756
208.588,5.5596387,340.510282256,63.7419889053,48.9573,6197.67,3.79243,-1.19374
155.33769,43.335004,174.80324777,55.7246896083,-8.93414,5916.31,4.16174,-0.627925
207.21572,28.998866,44.6790523274,77.2026362972,-31.5067,6385.31,3.73061,-1.36057
29.735121,0.954563,155.68989983,-57.5593926391,-33.8439,5272.34,4.41006,-0.192839
115.38978,17.314653,202.568323691,18.6658132156,159.214,6333.03,3.31171,-1.79549
160.61464,44.32093,170.749910107,58.9943899367,-47.9172,5198.3,1.97998,-1.46576
328.69974,45.762418,93.6256521775,-6.81901583408,-22.7584,4968.55,4.45382,-0.265235
223.38108,0.63172821,355.911336157,50.5023076219,-6.56092,4412.19,1.10247,-1.63542
117.54752,35.77301,184.413038263,26.7209281271,16.1691,6455.28,3.34599,-0.596761
16.363819,46.0154,125.473137428,-16.7871745926,-33.3908,5614.89,4.16916,-0.356903
172.63784,47.959124,154.655849906,63.8832445812,-79.754,6281.61,3.62357,-2.77487
238.24908,50.6712,80.0287526623,48.4894726937,-178.389,5792.02,4.26589,-2.23974
116.69422,22.844929,197.617125537,21.910192899,15.1527,5605.1,4.39845,-0.399527
254.94458,21.156598,41.3617348573,33.5830859168,-269.308,8644.31,3.48815,-1.40315
310.62816,0.049078093,46.4794379015,-24.4725605611,-63.207,6101.47,4.06892,-1.04372
44.996706,34.713386,150.879056553,-21.0888317965,-27.6146,5408.7,3.55094,-0.490546
242.74288,39.718449,63.1581801587,47.0948978888,-274.829,6434.48,3.53515,-1.54388
172.83864,-8.059486,271.237405523,49.8195179721,82.5215,5761.17,4.27371,-0.379018
200.90862,0.77675981,320.606340436,62.5384917978,-34.034,5255.71,4.28347,-0.334693
17.463256,14.500726,129.618043181,-48.1318126767,3.42769,5626.38,4.13134,-0.483081
31.299999,7.2351899,153.037544077,-51.2733118981,-91.0523,6208.89,2.86539,-1.60257
115.97803,18.344904,201.801092265,19.5875348487,72.8295,6830.62,3.9674,-0.680011
163.12948,-0.503872,252.085636744,50.24632845,384.789,7967.44,4.11703,-0.775307
217.97543,30.835918,48.5214055547,67.7672460988,-62.7197,5834.32,4.50942,-2.0203
124.80076,0.785867,222.609193689,19.8020946961,30.401,6332.13,4.24854,-0.290629
176.02565,5.7185841,263.11042669,63.2586486087,146.741,7691.89,3.94593,-0.796377
18.282957,-0.144671,134.750414861,-62.5175741831,100.861,5660.12,3.27442,-2.20781
132.6292,6.571181,221.054091846,29.4175964136,-68.2916,5358.1,4.36696,-1.45946
177.73547,6.1265235,265.806127611,64.5445173637,96.8693,5162.09,4.63083,-0.925743
8.647699,0.534479,113.919537096,-62.0421127845,-45.7547,6076.68,3.94884,-1.26619
249.02432,41.359954,65.4541423061,42.3187878015,-50.7271,6135.53,4.12271,-0.723889
253.85294,22.810724,42.8678887886,35.0709805612,-199.291,6156.8,4.33504,-1.36117
27.221665,14.355208,143.261605839,-46.2364765455,67.8236,6012.66,4.21275,-0.537469
278.40105,41.614997,70.0733297714,20.7660144425,-37.3123,5538.87,4.32949,-0.291147
117.46935,30.971082,189.512686887,25.2857518501,12.6616,5929.57,4.15227,-0.33728
110.67646,30.227943,188.19020801,19.52079028,61.7153,5828.79,4.24924,-0.432521
199.20965,26.053184,23.6447415263,84.2213529618,146.097,5293.64,2.77047,-1.21826
91.8725,24.145583,186.599410685,1.81910857847,25.4491,5130.54,2.4578,-0.143932
64.600718,26.574991,170.115628226,-16.7907362076,0.446475,6686.06,3.72619,-0.238475
125.17858,36.68101,185.034574779,32.9182601521,2.81623,6659.18,3.79399,-0.774484
226.99264,31.710627,50.0169347161,60.0404189606,-36.3763,5269.26,4.41792,-0.731515
73.648006,-3.4145826,201.946243085,-27.4343752768,49.3827,5072.06,4.5204,-0.483012
353.34859,48.00746,109.682849426,-12.8464835585,-39.5379,5051.15,4.22077,-0.157845
44.234907,5.502001,170.554625097,-45.4491525936,-146.163,4914.31,1.80898,-1.0858
165.04305,45.639999,165.569358327,61.205874898,-31.6316,7523.41,4.15179,-1.4982
47.104825,-1.248955,180.502551564,-48.1986124965,14.5801,5641.1,4.26619,-0.127812
44.270066,5.287396,170.794729642,-45.5869086135,-110.797,6046.34,3.95342,-0.889337
195.69153,16.943836,317.940552317,79.483989596,199.925,5979.1,4.25574,-1.80021
333.2482,-8.131106,52.3000463419,-48.0078908932,-194.187,5922.0,4.27866,-1.54013
121.91675,6.0933826,216.194271139,19.7157042552,39.5978,6250.43,3.92862,-0.149572
270.39587,24.320949,50.2159546632,21.2738710091,-60.4014,6012.26,3.93375,-0.668193
345.43007,6.265788,80.4161437383,-47.3452135447,-95.5489,6011.12,3.68947,-1.27155
169.99663,9.5841866,247.716999859,62.1951720303,119.81,5189.27,4.67686,-0.873642
217.16418,59.335045,102.16549553,53.6972428918,-344.79,7984.79,3.30813,-2.10568
309.64593,76.198834,109.806958813,20.3123916359,-134.16,7502.28,4.10716,-0.250928
209.64896,-7.832964,330.259779146,51.4400328047,-7.47401,4689.34,4.72759,-0.849873
107.66454,30.404625,187.023253835,17.1619030809,43.3028,4934.73,4.40936,-0.333301
171.64603,59.417916,141.44084517,54.5553262439,-47.5509,5692.63,4.16566,-0.138827
179.71383,42.718738,153.981498507,71.0977506653,558.511,5990.05,2.72955,-0.835061
290.98332,36.640402,69.2008064678,9.8582873662,-2.06423,5115.47,4.14313,-0.563631
144.04422,14.237028,218.581268968,42.858472362,-10.6935,4774.1,4.44437,-0.446281
111.69567,31.079565,187.66458398,20.6389508382,5.34929,5956.79,3.92596,-0.272514
215.75669,20.166602,19.4623277415,67.941291531,12.8806,6961.05,3.34097,-1.11457
9.3801708,-0.55246343,115.192787247,-63.2148965453,6.48882,5301.84,4.48065,-0.458044
190.86141,30.123875,152.805984498,86.5289321714,-60.5275,6092.04,3.9825,-1.26124
215.65797,1.0400005,346.722657517,55.9549317148,-37.8404,5744.95,4.14061,-0.527035
0.418424,28.262461,109.803942451,-33.3375175043,-0.0926023,5966.4,4.19859,-0.180339
199.20546,38.778966,100.04568835,77.1990376477,-26.6851,5571.36,3.8389,-0.594978
262.28276,26.834296,50.1414412179,29.0091674481,-49.0083,6234.4,4.09216,-0.746087
333.62913,6.718233,68.8459534949,-39.1472440328,-258.247,7842.46,4.23062,-1.44944
224.23107,40.473206,68.3405195838,60.9296169522,-307.726,6362.58,3.5628,-1.88669
241.53221,43.768604,69.2215911348,47.7174044741,-108.908,7232.54,4.12337,-1.42516
213.30201,36.553244,66.5907347417,70.3010323206,-165.525,7309.15,3.73008,-0.0179572
250.70197,36.141041,58.6228747853,40.6524121584,-275.243,8725.84,3.462,-2.01557
181.63505,29.993447,194.086517087,79.7388891462,65.1685,6264.07,3.96948,-1.49357
197.65456,-1.162937,312.965531095,61.3345978712,15.0805,5739.1,4.46102,-0.468295
357.28983,35.603543,108.931563586,-25.5693431354,-30.5289,6856.72,3.94299,-0.492498
341.88494,22.593707,88.8726394622,-31.9596666346,-66.6551,7280.77,3.74355,-0.429456
113.40392,38.422939,180.588901013,24.2659698985,-50.0895,5387.13,4.49944,-0.694092
21.066216,40.489184,129.65377668,-21.9537236651,-46.1036,6567.48,3.8015,-0.628618
117.5509,35.407745,184.807678021,26.6256939823,26.8792,6547.01,3.68184,-0.711567
321.16859,1.1850537,53.9234433653,-32.830699637,7.51848,5765.58,3.98446,-0.563461
58.168552,1.168614,187.448137408,-38.0597477372,16.5432,6321.73,3.59784,-0.538445
342.11026,-0.71590468,69.6074382753,-50.3992840935,46.8947,5385.67,4.42423,-0.476296
22.22105,38.650788,130.902991136,-23.6406868922,-347.888,6230.14,4.22663,-1.71547
203.63639,59.485923,112.947261016,56.7988561935,-43.2953,5377.58,4.28656,-0.20573
162.02406,54.236561,154.198856187,54.7479325272,17.1687,5057.14,4.53618,-0.694577
320.6152,0.790381,53.1689604279,-32.5880118499,-74.5735,5645.12,4.37225,-0.561228
322.89576,10.155179,63.5286322295,-28.8906341048,-2.99711,5549.84,4.34976,-0.200648
205.02515,8.887326,337.436334009,68.4350696194,93.5452,5424.9,4.31587,-0.727051
30.962421,-0.800339,159.362955457,-58.4539759823,33.0996,5017.51,4.6011,-0.150894
166.34756,39.886547,175.982475639,64.6216656104,126.975,6182.31,3.54172,-1.53603
188.93466,14.034897,286.523575342,76.4039706854,150.576,6226.34,3.50358,-1.52306
12.945336,1.1449509,123.113137904,-61.7266782614,12.2443,5776.89,4.12162,-0.337876
134.67777,36.182667,187.14396659,40.3853907309,42.806,5326.7,4.52255,-0.563874
112.31219,40.264849,178.392880702,23.9692495995,80.2388,5795.4,4.27625,-0.522979
262.45386,8.895317,31.7283339939,22.153124898,-56.4122,8032.93,4.008,-0.770719
199.39536,0.01767001,317.044241933,62.1709547491,81.4935,7260.9,4.17453,-1.13942
49.101369,42.566002,149.443095783,-12.7215957479,-13.6875,4987.88,4.26525,-0.579358
162.37513,45.851689,167.010044946,59.4729976198,-37.9161,4668.39,4.40554,-0.238823
117.69509,29.173428,191.466631583,24.9130952839,39.4286,6140.44,4.0541,-0.455771
123.22437,19.036594,203.936840506,26.1999307497,48.2362,5073.22,4.31029,-0.691644
45.024336,4.750059,172.105151898,-45.4832355754,46.5498,5856.93,4.12182,-0.451794
153.16904,13.153391,225.544593792,50.4120139679,-7.48213,5700.52,4.42042,-1.50016
1.436658,25.958996,110.251919406,-35.7852070311,-24.1029,5503.76,4.44338,-0.434367
131.74099,55.618928,161.953306851,38.2479097727,10.5233,5228.71,4.43007,-0.6311
293.06087,61.947733,93.5913973349,19.1648454621,-32.6688,5725.66,4.41193,-0.610586
181.9153,32.223293,182.110688088,79.2208287901,24.8776,6285.87,2.99195,-2.0622
262.22472,43.289469,68.8416043173,32.7489724926,-56.2181,5377.15,4.33365,-0.924733
117.95103,28.125811,192.639726326,24.7911262945,40.8327,5348.91,4.34766,-0.385216
310.89428,-6.639346,40.0817712199,-27.9185897309,-121.033,5541.79,4.07812,-0.742657
157.02929,10.062637,232.81916688,52.1981089104,-3.2744,5454.48,4.23414,-0.149272
154.91378,47.777709,167.642094889,54.0293260032,-77.3747,6916.69,3.695,-0.838954
62.371531,-6.442059,198.510651511,-38.7093951645,99.8992,6189.68,4.12581,-2.00549
164.25553,46.918801,163.900250603,60.0823735635,31.3679,5423.42,4.38857,-0.594692
123.12163,26.480427,196.008682022,28.6332048727,91.4904,6260.32,4.14559,-0.664279
151.72148,34.002098,191.598401941,54.1610098193,-9.30464,5537.4,4.34406,-0.469733
316.14263,76.618605,111.102739599,19.3034826477,-63.0126,6228.52,3.79762,-0.566129
25.015212,-10.606029,159.964348448,-69.9002720991,313.172,6535.05,3.92821,-2.29447
20.12332,6.436288,135.816955196,-55.7068798792,5.40316,6212.19,3.59126,-1.40225
209.6198,19.028005,8.71850894618,72.6079226591,-26.8966,6557.01,3.70526,-3.07722
216.60483,36.92985,64.9265534514,67.6949590459,-123.676,6009.7,3.48155,-0.818778
163.51377,48.467243,161.833820741,58.8394449076,24.3252,5333.08,2.13945,-1.41919
224.0416,24.493271,34.6310393343,61.876472815,-38.5549,6019.09,3.93755,-1.08736
38.974132,-0.19861222,170.219724055,-53.1979106344,-102.124,6390.02,3.95156,-1.7211
133.97446,36.926328,186.091124696,39.9115034123,79.1897,5621.62,4.15716,-0.378663
150.88628,43.077669,176.525716839,52.630094284,106.706,6452.74,4.07673,-1.86008
125.39754,22.408001,201.177134575,29.2875429642,-31.8518,5987.99,4.12853,-0.461424
113.2888,21.417265,197.767554005,18.450694628,-4.13809,5956.13,3.84545,-0.527393
170.08864,47.291718,158.375705418,63.0831935204,89.717,5606.22,4.3128,-1.83319
25.520422,-0.625423,149.664267911,-60.8412221512,-138.432,5204.06,2.60505,-0.702774
126.24987,37.94912,183.727768321,33.9884229923,35.3807,6023.72,3.68071,-0.876737
275.376,64.208724,93.8457806495,27.4512496904,-16.5957,5678.98,4.28525,-0.221946
133.51775,62.979742,152.558059529,37.7620863557,-142.398,5610.09,4.09435,-0.512806
237.4367,37.225846,59.5254489742,51.3185596803,-294.771,7950.06,4.18062,-0.886298
339.46329,13.202653,79.8942878075,-38.2615807006,-104.804,7343.31,4.0908,-0.571098
52.438421,0.530859,183.485243064,-42.9767784036,-37.4353,5534.68,4.43647,-0.511981
20.026987,6.36658,135.67484507,-55.7942139373,-27.6412,6354.07,3.92087,-2.87422
213.66995,20.678139,18.6673451307,69.9424052777,-68.189,6174.34,3.16629,-2.41254
347.36038,20.82074,93.0766288678,-36.0691537243,-46.1116,5132.59,4.52418,-0.651197
24.741974,-0.546456,148.124172947,-61.0718074629,-62.7309,5631.25,4.3963,-0.743624
59.978259,-4.510054,194.79077117,-39.7620228829,-12.0979,6065.8,4.18633,-1.72173
185.85425,26.519851,216.901455609,83.7198638036,-13.2904,5138.97,4.26799,-0.941643
173.23538,66.561546,134.620609285,48.7467716008,-36.8029,5321.44,3.59495,-0.514226
48.669312,19.310469,163.573679229,-32.0294317166,0.614377,5301.36,4.25879,-0.414182
168.30176,37.579349,179.90911632,66.8689320169,69.5718,5435.68,4.59704,-0.629715
153.72108,27.494823,203.088023789,55.370300029,99.3757,6457.25,3.77912,-2.36977
342.0484,22.070056,88.6887209831,-32.482028813,-87.205,5481.8,4.39734,-0.429993
336.18142,39.846465,94.6123890927,-14.8237650358,-34.7815,6145.22,3.79666,-0.404956
52.282728,18.852246,166.996790986,-30.216730288,18.835,6277.49,3.89241,-0.420145
304.06669,-12.291094,31.1529539426,-24.307627922,-30.1973,8217.85,4.28536,-1.53
117.29669,16.112616,204.508484525,19.8599357725,86.9999,6122.58,3.9791,-0.950885
170.56464,16.657176,235.234472813,66.8686399749,63.1387,5546.01,3.21859,-1.61632
114.38204,41.457266,177.579056747,25.7932617988,155.019,6464.47,3.7407,-1.86855
148.33959,18.738299,214.828029203,48.3670390512,219.677,6291.71,4.0288,-1.69006
138.1257,37.888981,185.197432261,43.2806720652,184.441,6390.3,4.2631,-1.86778
333.09781,7.542175,69.1460627964,-38.1975430748,-22.4562,5016.92,4.39671,-0.722632
165.22064,48.284476,160.901783385,59.8850311244,40.0844,5000.3,4.59026,-0.531587
49.101788,4.640176,176.273758722,-42.7309047122,20.5697,5612.11,4.29086,-0.172946
184.52282,0.66028939,284.728879327,62.3476679103,38.0581,5969.84,4.30225,-1.49973
205.31027,28.343015,42.1039379092,78.9180623069,-141.768,6324.27,3.35197,-1.3706
254.44295,24.146505,44.622391764,34.9595588598,-268.676,6603.04,3.88145,-2.18582
291.60576,79.248744,111.193206823,25.0073296641,-64.1417,5411.8,4.44051,-0.458608
171.77917,47.561697,156.216031274,63.7518686735,-83.1983,5777.82,4.31687,-0.860456
188.02155,-0.281145,292.514343814,62.1985463187,-19.3635,5598.99,4.30954,-0.373285
255.32189,41.454435,65.9084693172,37.6083624107,-52.3372,5101.57,4.50031,-0.540628
121.393,84.425299,128.963521733,28.7708752982,-57.2708,6053.92,3.82675,-0.465163
2.260629,24.617625,110.805025143,-37.253782912,-77.2123,5489.44,4.19997,-0.254515
335.34222,0.26961093,63.9275108729,-44.7293156832,-47.6175,5711.86,3.74544,-0.436451
308.02838,14.738435,58.243702268,-14.4800137177,-37.3454,5374.69,4.3439,-0.289955
333.18236,7.001238,68.7185800183,-38.6305059972,-25.5472,5567.47,4.33463,-0.340099
42.033474,-0.901889,174.693253352,-51.6438203425,-62.5491,5869.69,4.05688,-0.645019
65.136295,30.257596,167.672323129,-13.9212927232,-18.2697,8420.55,4.09638,-0.0539453
48.17201,18.217998,163.929512871,-33.1806727451,-28.0008,5815.53,4.09296,-0.591196
199.41178,24.727511,12.2230947397,83.638202727,-39.2815,4716.56,1.96907,-0.985547
108.92596,39.40285,178.451607835,21.2305489139,11.379,5541.44,4.1459,0.0204818
229.98859,9.9288825,13.939155601,51.0379966388,-197.273,6668.48,2.98907,-3.15117
170.59634,-10.859928,270.346087981,46.3011153472,458.074,6855.78,3.13633,-1.21736
350.73311,52.560514,109.562765421,-7.99867194322,-39.5224,7449.24,4.11312,-0.0369185
191.27478,50.662033,125.445084955,66.4352743852,-166.316,6441.96,3.82319,-1.21659
319.35632,10.272327,61.2127752607,-26.0749679576,-301.284,8850.42,3.30803,-1.76781
30.119345,-1.207911,158.385198363,-59.2419317902,19.2211,5071.7,4.46131,-0.0247494
106.66573,13.082119,202.898149854,9.25085207665,-12.357,4932.39,4.47752,-0.262499
162.16177,31.90162,195.334686788,62.9559024779,27.2321,7057.32,4.04683,-0.938283
251.12116,23.879861,43.2054134254,37.7838432513,-24.2058,7278.81,3.88526,-1.12757
47.876329,-0.704009,180.64941609,-47.2593311747,-19.4089,5394.56,4.21186,-0.0497102
243.19252,16.023814,30.2940309335,42.2136241822,-62.8975,5893.62,3.9666,-0.338117
157.04602,30.536119,198.074552382,58.5720331206,-36.6805,5794.86,4.53229,-0.717881
126.22336,47.827624,171.80301876,35.0922632562,-128.494,6278.35,4.08603,-1.65746
312.22014,57.895915,94.9747600715,8.87886505404,-68.2301,6236.63,3.27435,-0.368487
356.92004,-0.25291521,90.6388279949,-59.0676405179,17.2001,6139.4,3.93307,-0.745755
194.92548,59.144225,120.935062373,57.9519724765,-20.1746,6169.29,4.15506,-2.01622
266.42942,26.060838,50.6408747085,25.2431056661,-83.6974,5391.02,4.581,-0.702054
252.43343,13.278949,31.5445915246,32.9152782641,-47.3151,6745.71,4.01717,-0.329846
1.349794,25.995416,110.167790559,-35.7326382467,-103.992,5483.96,4.21481,-0.320287
126.3502,30.982651,191.900044275,32.6064635749,110.586,6165.49,4.31806,-1.83569
108.9383,31.101932,186.76278718,18.4358459662,23.4556,4893.58,4.41547,-0.138495
339.83153,14.289118,81.1025268457,-37.6287106324,-20.4176,6409.64,3.85014,-0.585237
324.15411,-0.134603,54.621267204,-36.0435890054,-344.091,6994.12,3.55727,-1.65094
8.6067475,0.97408587,113.963153121,-61.601083598,23.496,5934.57,3.96578,-0.44992
326.70566,73.078577,110.387482551,14.8801848876,-2.61932,5921.25,4.12817,-0.32284
139.94573,30.072313,196.163561856,43.8622918082,129.595,7274.26,3.92244,-0.987688
242.57705,5.638598,17.7540759631,38.1297726158,-13.3459,7803.53,3.04338,-1.08534
224.76257,-0.23255484,356.455817393,48.9112398407,34.6246,4906.99,4.65515,-0.947031
167.90487,-16.368657,270.918246932,40.2175760639,156.736,6091.62,3.75516,-1.36897
143.91459,30.906055,195.74126054,47.3698851109,64.6412,6217.43,3.76897,-1.2798
226.57473,45.921681,77.1331907094,57.4109661145,-12.751,7528.09,3.91753,-1.07876
276.86329,65.222102,95.0582913174,26.9343673893,-193.766,8471.33,3.62539,-1.64611
55.628558,-6.526343,193.999370428,-44.5016976904,-39.5585,5671.99,4.16626,-0.710417
206.8793,0.52405095,332.087417574,60.1822610096,-26.9694,6203.71,4.15071,-0.570593
245.12042,20.323915,36.589168927,42.0049214652,-167.698,6267.06,3.86367,-0.387646
190.05248,-8.656327,298.194504198,54.112111394,107.461,5544.64,4.52123,-0.484629
20.492814,0.64084756,138.976148632,-61.2761501975,-50.0383,6088.24,4.35518,-0.982522
247.82957,11.441499,27.2402227438,36.2391626672,206.87,7895.38,4.03884,-0.63533
247.98005,62.68746,93.6449684499,39.6929963823,-51.2554,5901.15,3.88131,-0.396016
253.77578,40.054066,64.0029107734,38.6504317361,36.7595,5438.28,4.39001,-0.406689
198.95089,16.445927,332.02616135,77.9184331401,10.7216,6125.25,4.07096,-1.5733
120.95469,29.774927,191.791364229,27.7991359808,-16.9106,5058.01,4.41415,-0.269317
182.25464,39.510893,155.716135922,74.7984776531,74.8745,6430.05,3.53268,-2.00308
223.35941,32.824867,52.5809882077,63.0720134019,-128.297,4509.94,4.37255,-0.528237
189.46104,14.225542,288.452641355,76.7136217609,67.3239,5237.95,2.71121,-1.31457
14.1397,-0.25977799,125.762759623,-63.1033776786,-55.9324,6496.43,3.86889,-2.01101
18.187546,15.500708,130.479396148,-47.0584799485,-15.0417,5485.61,4.29516,-0.465677
277.72689,21.487388,50.1973147381,13.9520999271,57.5758,5136.29,3.34647,-0.576663
33.030201,0.717547,161.069848537,-56.0606093182,-45.9069,4873.92,4.78377,-1.17286
178.363,0.40893978,273.020178428,59.8697012738,-64.8191,5425.07,2.06498,-1.39358
169.04717,67.031275,136.424240544,47.524551222,-52.2118,5508.33,4.44541,-0.685588
146.43546,61.27716,151.880322045,44.0033559862,-9.34382,5622.25,4.18389,-0.132951
226.32997,16.536991,21.0423122114,57.2968856668,-47.6621,5587.13,4.31164,-0.704092
181.29354,-0.292243,278.976468294,60.4098006839,-8.97542,5685.13,3.93498,-0.0471843
221.69076,-1.056206,352.157919898,50.4555238848,-10.9514,5219.17,4.60782,-0.681012
190.45646,24.848998,258.937565379,86.8600110879,-0.388329,4666.34,1.87953,-0.747702
0.321599,27.802169,109.576604712,-33.7656274108,-119.604,5467.35,3.80755,-0.412012
115.12835,41.768944,177.394049037,26.41041158,22.2539,6185.11,4.21445,-0.658109
218.74535,37.691802,65.3658376458,65.8378671092,-31.3903,6317.22,3.91024,-2.25004
323.42472,-0.8047,53.4322186582,-35.8113326064,-2.23158,4768.11,1.66035,-1.43521
173.26323,17.686607,236.423158306,69.609723297,99.9176,6326.22,2.2584,-1.85804
154.01116,47.100173,169.079568965,53.6929841838,-5.57332,6210.81,3.56025,-1.05489
213.02442,56.876659,102.713238507,56.971831552,-212.241,6838.99,3.91681,-1.16169
171.86537,61.495678,139.385104947,52.8673593349,-222.932,6068.46,3.46199,-1.63911
15.808388,45.323496,125.105469436,-17.4984672732,-55.1165,5985.1,4.3274,-0.371878
51.606437,4.960839,178.262900622,-40.6990794547,-0.982072,6017.99,3.97913,-0.50453
356.31874,-0.528315,89.356796161,-59.0177056492,-81.3838,5452.85,3.8032,-0.573435
18.349726,26.989082,128.952596547,-35.6258051781,-257.725,6314.82,2.99744,-1.39798
153.56809,53.839518,159.143673973,50.7659018434,86.7732,7504.92,4.09741,-0.952408
324.22674,73.254738,109.96514041,15.4967496412,-39.0536,5753.92,3.92177,-0.109606
244.35194,7.1247056,20.4892966608,37.3295809545,12.1739,4930.25,4.53765,-0.85475
142.8577,53.540884,162.978423094,44.9654744383,-67.9948,4826.49,4.5917,-0.47208
124.17694,-0.294637,223.294181398,18.7350772184,56.7464,6949.24,3.8302,-1.95119
144.64627,51.976689,164.718711631,46.4285869943,-134.709,6216.86,4.06827,-1.11244
83.527102,63.119402,149.262586163,15.872874184,2.49159,4953.61,4.46474,-0.393421
167.90016,-16.670465,271.106720379,39.9524059626,206.844,8157.62,3.15867,-2.77794
252.60611,23.684469,43.4676263533,36.4270377381,-19.6286,5438.21,3.82591,-0.132737
46.089922,0.69613057,177.339045733,-47.6340838492,113.405,5608.31,4.34374,-0.6316
169.1645,-10.790348,268.543271879,45.6582220184,29.8378,5398.3,4.73289,-0.924204
124.53592,38.032973,183.339905414,32.6744332493,10.2416,6273.48,3.94661,-0.600592
115.67867,18.395686,201.633358841,19.3461132491,55.926,5365.66,4.29308,-0.347052
182.88778,0.59780266,281.441365338,61.7939031587,31.266,5756.1,4.03046,-0.446427
192.65034,30.379489,126.109777467,86.7435977269,144.706,6425.18,4.0767,-2.45838
210.30218,45.653901,90.7060463724,66.8641602014,-79.901,6088.47,3.49086,-0.863837
39.811325,49.599487,140.265733267,-9.60927387103,-1.70675,4668.6,2.70795,-0.0988756
161.7977,55.924598,152.081333439,53.5945472987,-188.46,6655.41,3.68827,-1.83046
161.32633,15.413175,228.253735225,58.4822521131,112.261,5248.39,3.09758,-0.974603
134.49746,15.801851,212.078257079,34.9856141359,90.352,8558.67,3.15063,-1.84451
196.86508,49.694462,116.228835672,67.2247372356,-234.812,5553.62,4.23652,-2.44454
238.50034,27.366543,44.1547436441,49.6591645226,-348.508,6164.95,3.34388,-1.43697
189.70682,36.700091,137.736566058,80.0629434886,23.5596,6289.3,3.22026,-2.07242
15.220966,0.366979,128.036156345,-62.4111195348,-11.1167,5288.85,4.48077,-0.348109
290.5292,37.770607,70.0665884559,10.6843879346,-131.637,8396.43,4.09683,-0.495181
117.09276,29.360134,191.08807767,24.4741668353,-27.4252,5408.16,4.44705,-0.251824
132.50865,11.620869,215.734473676,31.5399306566,83.3901,5826.0,3.82793,-1.76424
20.771488,8.464402,136.192867292,-53.5905171805,-21.2218,5539.4,3.7287,-0.618475
337.39785,12.330376,77.2213813945,-37.6475777663,-1.38628,4659.04,4.25909,-0.263819
359.77035,0.376368,96.2168222741,-59.7517949641,4.1131,5203.11,4.48586,-0.111262
218.66544,56.084755,97.4439564513,55.6356632954,-7.17634,4628.6,4.40565,-0.619372
168.86219,11.324395,243.304011976,62.4702489147,107.023,6216.14,3.75975,-1.4417
146.96635,36.535149,187.461259356,50.2786847837,94.7107,5799.26,3.7127,-0.662873
193.17364,49.250874,122.387408228,67.8760473927,-47.8543,5292.66,2.5444,-1.21078
205.66009,66.397522,115.009983953,49.9357926701,-105.29,8525.93,3.94429,-0.930103
107.32987,30.250986,187.059438236,16.836551554,65.1062,5754.08,4.24667,-0.455577
236.49299,4.8061124,12.6361560029,42.8502552336,30.5923,7476.46,4.14983,-0.958942
250.49525,27.011509,46.8687364529,39.1634696928,-37.5245,7542.1,3.02014,-1.28436
117.97853,65.218739,151.021036984,30.7500268196,-76.2493,5900.91,4.28369,-0.591616
143.04071,38.542297,184.433338171,47.1596005778,-26.3966,5635.65,4.13313,-0.580874
130.0057,23.836259,201.177724485,33.7594008938,-70.8183,5503.9,4.34208,-0.965678
121.01906,6.68275,215.212199881,19.1812074238,98.2819,5177.28,4.36011,-0.226393
343.67629,-10.274636,58.8323685386,-57.7673876256,-12.8357,4092.34,3.6404,-0.300293
201.59868,65.645465,117.206550796,51.0924233823,-90.6608,5897.07,3.79718,-0.705327
217.07529,55.856427,98.3463473816,56.403537696,-11.926,5796.1,4.2297,-0.485733
173.02157,48.759058,152.997595254,63.4777854986,-162.727,6223.69,3.55013,-1.53407
40.279731,0.56349996,171.010332972,-51.7648722878,119.588,8361.75,4.32547,-1.32923
35.725074,-0.056293,165.755110391,-55.1348227813,-130.691,5204.33,1.92153,-0.845473
173.63826,29.201372,201.451819837,72.9477868636,35.7456,5770.98,4.52723,-1.37802
206.62672,8.907742,341.042264159,67.6080670137,0.514795,6137.07,4.3637,-1.9048
29.161951,0.45182,155.195113785,-58.2750501216,137.662,4866.47,4.66004,-0.815854
234.1191,35.711525,57.1780233449,54.0363223098,-55.887,7552.87,3.85986,-1.51035
183.15274,20.119986,249.134983361,78.6854091444,47.5849,5190.79,4.59121,-0.775185
284.94675,39.708792,70.0293121703,15.449253689,-24.1415,6031.02,3.55789,-0.895572
243.53256,24.802086,41.9158270688,44.6906703179,-66.4845,7771.76,3.99095,-1.03378
356.5533,39.655578,109.496859976,-21.5085019247,-3.98227,6256.7,4.07303,-0.348377
330.24052,69.823836,109.135938701,11.6607641675,-57.9925,6249.39,3.44061,-0.0932687
126.37653,20.223981,203.889373034,29.397139079,0.537947,5925.0,3.9966,-0.568834
123.76476,31.867453,190.242925975,30.6932689153,89.1539,5497.78,4.42539,-0.528703
107.83583,38.824244,178.747764995,20.243900634,22.3412,6515.4,3.79077,-0.184642
241.16423,44.147242,69.8291379772,47.9345538538,-335.245,5581.83,2.95397,-2.8791
316.00074,0.91759272,50.4029990542,-28.6329267594,8.57924,6445.85,3.62378,-2.25493
308.68088,13.520114,57.5574719187,-15.682370068,-177.868,6240.4,3.77695,-1.22279
125.3264,40.721058,180.295024292,33.7272499095,17.4726,5330.44,4.44292,-0.544839
167.9978,37.885615,179.386794954,66.5389022829,56.8348,8331.48,4.96215,-3.02283
168.20722,38.063787,178.82215937,66.6319256836,190.124,6480.91,3.16262,-1.60049
220.79344,56.299643,96.2366197669,54.6497892094,-318.975,7094.09,3.99577,-1.59076
192.36867,30.536539,130.004673536,86.5647124421,-200.606,6146.07,2.42761,-1.39532
171.7263,44.02063,162.600458285,66.0373263817,-127.569,6074.92,4.18495,-1.04134
251.98192,21.482899,40.6459152367,36.2995509808,-331.764,6013.12,3.37723,-1.25485
213.83496,46.116138,87.309322909,64.7835989922,-93.4509,8031.72,4.1944,-1.82515
211.22285,-8.720264,331.892555602,49.9757038001,34.775,6371.78,4.1023,-1.25494
356.67115,44.27331,110.87810091,-17.0776192998,-188.457,5361.92,4.06798,-0.636523
47.662927,38.455049,150.761296362,-16.7799348193,35.7618,5427.66,4.47456,-0.471279
116.13415,40.103374,179.406298798,26.7463132383,-13.4792,5722.85,3.94413,-0.758594
170.10416,-10.963648,269.812373876,45.9731715124,50.1981,5889.86,4.00294,-0.347775
114.68294,44.089409,174.786797164,26.630968879,-28.7333,5436.39,4.05762,-0.447022
164.45494,47.499097,162.77207782,59.890922039,-188.582,6372.74,3.5313,-1.44165
138.29117,30.321185,195.479743622,42.4990909073,117.531,6315.77,3.96272,-1.92403
241.3408,51.508961,80.4272521333,46.3920240015,-179.889,5983.32,4.18101,-1.34723
33.155384,22.461312,146.487946717,-36.669227164,-51.0009,5743.96,4.36604,-0.777472
289.92391,38.702861,70.7094312376,11.5193732444,-5.71098,5588.03,3.95303,-0.0504078
18.98425,30.915104,129.105647559,-31.6627922725,-22.3366,5499.03,4.20061,-0.737085
167.59105,2.0054357,254.697148082,55.1144388371,201.73,6281.67,3.941,-1.01059
244.73759,7.0670543,20.6574363337,36.9665124185,-81.3789,5824.25,4.22881,-0.933878
309.55897,14.767052,59.1257713876,-15.6909185916,-21.8667,5367.84,4.34292,-0.60045
8.7958981,1.1842274,114.415576957,-61.4184602851,-160.702,6076.59,4.18803,-2.1527
174.44061,47.128319,153.921431038,65.3226210207,-110.791,6175.21,4.17994,-1.4247
190.57799,-7.675342,298.975344114,55.1262845265,87.3568,5930.5,4.22316,-0.935644
150.95459,40.446169,180.811101046,53.1197675275,311.654,6237.15,3.89271,-1.7399
130.16886,23.18145,201.982247319,33.7004358833,10.9558,4911.6,4.31252,-0.262116
35.832111,1.1240772,164.682012743,-54.1253875162,-11.4531,4365.61,4.22403,-0.551854
22.860103,39.934864,131.206330913,-22.2933098832,3.91731,6040.76,4.47528,-0.315098
211.11019,-8.73893,331.723955777,50.0073154202,82.0375,5890.08,4.26735,-0.69416
180.35497,49.642095,142.709915989,65.5214015747,-253.625,6352.34,3.48086,-1.53893
120.8775,5.388898,216.367405886,18.4752402281,63.7716,6559.76,3.71929,-0.460762
344.15571,-9.862642,59.9796916468,-57.9072178892,-53.1932,5448.14,4.2615,-0.112326
190.3503,30.851996,152.847129494,85.6779704394,31.1282,6010.92,4.22922,-1.51927
53.225391,0.172567,184.537852714,-42.5883788579,14.5114,5334.21,4.46969,-0.319345
336.79849,40.10923,95.1706376096,-14.8617874183,-234.276,6414.36,3.99413,-1.49395
218.72032,60.09175,101.941965049,52.6153753205,-23.124,6184.86,3.61381,-1.5316
32.2673,7.5741401,154.144013827,-50.5329277955,-27.2789,5265.84,3.38302,-0.510337
163.19333,49.044894,161.120539552,58.3493774003,4.61734,5737.81,4.19482,-0.3018
259.26814,43.0696,68.2567955412,34.8608439979,-123.687,5378.74,2.69222,-2.41297
64.730989,25.706066,170.863930525,-17.2975522537,13.0963,8273.08,3.96873,-0.166764
262.3365,26.958788,50.2937032727,29.00126841,-177.315,6154.61,3.87289,-1.35553
0.378061,28.317279,109.777624887,-33.2759993282,-31.8697,5638.8,4.14021,0.184297
122.83969,7.4525522,215.331825354,21.141932642,108.619,8069.32,4.37183,-0.690852
174.89375,46.455261,154.467746726,66.0287551606,82.4723,6475.46,3.74081,-2.02089
115.41061,21.950134,198.039218802,20.4769511957,37.1888,5314.26,3.23249,-0.660223
81.977352,61.683579,150.179338512,14.5334302898,9.93373,6272.43,3.72115,-0.282548
327.50846,-0.9002941,56.2369450921,-39.2375288767,-29.382,7284.52,3.8814,-0.657174
308.343,13.958373,57.7470767168,-15.1662433146,19.3182,5590.6,3.82419,0.0119429
182.58689,29.968749,193.04380768,80.5442126648,-2.26851,5970.91,3.65502,-0.870858
30.605671,1.119522,156.944136573,-56.9892210777,3.28892,5121.4,4.53876,-0.753789
49.030647,41.802559,149.820751854,-13.3926014318,-16.2085,7918.42,4.14483,-0.977666
49.042747,-0.976494,182.064748311,-46.552532207,50.5226,6089.68,2.73444,-1.46213
196.47237,48.685829,116.482714008,68.2610586984,-113.752,5749.43,3.98673,-0.726417
124.81545,31.388081,191.049672244,31.436656028,12.458,7041.5,4.13855,-0.804577
172.99168,3.3595124,260.868171354,59.5755911275,237.53,6061.43,4.04946,-1.85231
261.34779,8.247957,30.5809486447,22.854312576,19.9342,4814.01,2.89328,-0.321385
191.58062,8.6539021,298.947433258,71.4860659579,-21.6154,6608.14,4.0087,-1.00998
354.63093,48.630159,110.70626862,-12.5031082866,-15.6314,5355.37,4.28071,-0.396096
204.38126,41.83353,93.2108841689,72.5314339598,69.8035,6212.2,4.14161,-1.36648
313.58233,16.23298,62.7194365488,-18.0042764778,-238.142,6212.73,3.86981,-1.33533
359.32788,57.25016,115.63375337,-4.85262741526,-47.8335,5194.27,3.16634,-0.188986
202.07968,36.414674,85.1116370583,77.8610257616,25.2036,4633.65,4.69296,-0.945547
192.04099,-2.087884,301.256536996,60.773215335,59.7429,5980.52,4.21093,-0.812012
43.819867,5.612092,170.006930681,-45.63789793,31.0646,5369.32,3.80316,-0.460937
346.49168,22.559041,93.2198229961,-34.1561823087,9.42734,6326.12,4.01791,-0.446308
122.17966,53.084783,165.321700413,32.7808058708,-270.862,6315.94,4.10823,-1.36727
187.54121,13.898384,281.306283673,75.8691442308,102.358,6481.28,2.26957,-1.56394
203.76172,-0.2212713,325.674766721,60.7103304842,-17.608,5879.81,4.17955,-0.753926
193.05233,47.997465,122.569672534,69.1302424254,-78.1347,7672.45,3.88582,-1.45697
195.17688,25.556648,356.333897751,87.3957218342,-77.8334,6312.61,3.60792,-1.55728
70.611357,22.347209,177.167416673,-15.4172893135,14.1477,6088.76,3.95995,-0.164024
213.21513,45.917056,87.6404027727,65.2367546601,-124.08,7232.38,2.96223,-1.05508
195.81112,20.006428,324.340543547,82.3826044842,26.6692,5039.06,4.64353,-0.634153
252.65176,24.119527,44.0001406237,36.5144419718,-62.7516,6180.37,4.13711,-1.31088
195.42014,60.013709,120.577944368,57.0677017695,25.5327,6053.2,3.7988,-0.701362
174.62383,55.063183,143.342894217,59.0797316512,16.77,5815.81,3.89482,-0.992007
300.69923,-11.799884,30.1513431112,-21.1086236332,64.995,5872.93,4.14053,-0.635439
319.26802,74.163901,109.645779998,17.1291925335,-15.6481,6284.38,3.92796,-0.420132
195.06123,30.018818,89.672879403,86.52256808,-23.5056,5493.44,4.35914,-0.724075
227.04441,32.457889,51.5112444978,59.9893305335,-11.1791,5566.91,4.34136,-0.439871
219.81517,40.403794,70.6908483002,64.1117694038,-278.66,6373.53,4.05325,-1.28134
222.13341,6.9212572,2.28591330412,55.6514418855,33.387,5955.3,4.05811,-0.715323
190.24061,-8.284879,298.466627048,54.4960231932,9.8173,5508.1,4.47368,-0.236713
226.89061,44.079042,73.7827592425,57.8929241099,-18.9859,4836.11,4.57395,-0.956177
343.9146,7.121935,79.4447592087,-45.747659511,57.91,5538.29,4.41323,-0.345823
331.78456,-0.30024114,60.2287332984,-42.3221731211,-63.2129,7497.04,3.46141,-1.07304
44.138218,6.371388,169.642782119,-44.8562037007,-20.5758,6086.36,4.11551,-0.516631
53.972145,-0.532764,185.915572324,-42.4342743998,-193.939,6533.71,3.52107,-1.70991
355.71972,8.559342,95.5789637494,-50.6353113296,-45.5323,5718.89,4.04459,-0.465893
241.50333,6.804512,18.3627465112,39.637817603,-46.3286,5383.98,4.46798,-0.478291
256.10391,27.082451,48.5614903159,34.3554215191,-266.723,6127.77,2.24184,-1.55779
147.04962,52.815763,162.904776557,47.5794115224,-81.2023,5310.37,4.56484,-0.85768
20.382007,6.887139,136.10018558,-55.2134246317,-168.564,6352.55,3.76415,-1.97784
131.10564,21.434303,204.30832028,33.9657512432,32.8744,6101.94,3.87816,-0.392025
131.04632,21.97157,203.673390019,34.0873690776,89.0123,6080.0,4.0149,-0.820254
298.492,18.821326,56.8056315856,-4.58223639732,47.2185,5097.61,2.44263,-0.374865
71.614156,21.178374,178.717650417,-15.410120298,26.1,4937.42,2.46812,-0.559723
338.21497,12.913613,78.4665625878,-37.7173267388,-382.522,6379.04,3.62202,-1.52101
166.26105,29.78531,200.138031172,66.5168920746,-26.9171,5705.33,4.26725,-0.410192
353.54435,46.763907,109.423739792,-14.071428507,-26.5721,6623.5,3.91097,-0.285512
222.56754,11.93245,10.1662503362,58.2753489811,-62.7302,4835.41,4.59672,-0.966981
177.71377,37.567051,169.840495738,73.5253225569,173.492,6859.86,4.06416,-1.64775
8.496881,8.245912,115.506186017,-54.374044367,27.7572,6074.48,4.02396,-0.498615
116.64459,29.461472,190.845742193,24.1366578591,158.827,6653.65,3.15955,-3.30476
325.40268,0.330393,55.9783154449,-36.8070706384,-10.1325,6096.92,3.77803,-0.730282
311.2066,0.891766,47.599828422,-24.5463491928,-172.077,6791.64,3.88402,-1.46586
204.3476,10.502571,338.177497442,70.163223009,40.0506,5492.17,3.61784,-0.643662
289.0116,61.8525,92.7911499828,20.9199399718,-58.1193,5843.82,3.89951,-0.223974
216.96874,28.521067,42.3069789598,68.6684325638,-11.3695,4684.66,4.42776,-0.259457
120.22468,8.704577,212.921916813,19.3644490566,63.0461,5037.98,4.6564,-0.524851
39.417721,-1.068472,171.742299644,-53.5563314457,-60.6715,6158.69,3.99515,-0.628949
356.28952,38.658355,108.992605997,-22.4127047109,-36.5372,5908.8,3.98151,-0.422725
354.26324,8.148631,93.2550701518,-50.3873928611,-18.0236,5459.87,4.38795,-0.553728
122.63799,20.038857,202.672906322,26.0511146293,-79.9861,6320.54,3.56091,-1.67479
249.17943,36.105986,58.3955096212,41.8708000916,-56.8665,5940.78,4.13555,0.0763641
52.712685,-0.149747,184.446481686,-43.1902688789,-13.1491,5266.21,4.31726,-0.40905
312.19821,-6.771214,40.624457227,-29.1298317594,39.1717,5677.23,3.95147,0.105788
253.40705,42.326924,66.8887632213,39.0922745572,-77.8275,5666.57,3.85826,-0.846837
28.3048,13.2593,145.235609669,-46.9194417833,3.38322,4623.2,4.51674,-0.321181
117.62631,29.013796,191.61245625,24.8054482921,27.3802,4388.39,4.07667,-0.400209
223.32975,39.769549,67.3694100578,61.7977113084,-203.129,5393.04,3.30239,-2.47318
124.07928,32.971132,189.073432062,31.2251033295,32.569,6092.04,3.74646,-0.753204
335.84638,-1.1522798,62.834571764,-46.0280346593,-42.1774,5111.36,4.42075,-0.284787
44.31784,35.233065,150.084195014,-20.9189204528,-40.339,5545.2,4.25118,-0.44441
130.40273,26.318376,198.428697285,34.8236014095,55.5486,5146.37,4.39232,-0.381498
56.0701,-0.42323144,187.487228349,-40.6933935937,8.18873,6207.27,4.053,-0.551668
127.48375,15.241277,209.626637092,28.5324027664,91.7624,4643.05,4.38949,-0.358111
144.15983,53.168362,163.184255297,45.815105651,-111.123,6459.96,3.58927,-1.77601
333.93438,70.156125,110.375084862,11.1788982321,-71.4872,6357.98,4.05997,-0.184561
172.30094,63.877752,137.130190176,50.9233669051,-0.981477,8833.98,4.04257,-1.55363
285.80502,79.221473,110.931960141,26.0647286248,-2.23886,5540.3,4.12091,-0.399161
354.36495,-10.614169,72.8762504649,-66.0037377928,42.0177,5626.27,4.14623,-0.469055
175.68358,41.413126,163.140274845,69.9366983148,-137.25,6459.5,4.1363,-2.04377
122.6586,20.176193,202.538119609,26.1187960251,-53.06,8774.64,4.0776,-1.7767
125.95111,6.0512033,218.179904465,23.2771624744,37.9172,6104.83,3.98589,-0.158237
258.50756,42.500118,67.4905364207,35.353731771,-21.023,5127.96,2.95847,-0.753346
245.70967,41.801203,66.0727280721,44.7968122983,-325.623,6879.83,2.76724,-1.62323
24.414515,24.521951,136.150996294,-37.1605281938,-24.1777,5776.8,4.0609,-0.166379
231.91065,4.0432489,8.12495397954,46.1851767245,26.04,5917.8,3.86372,-0.856876
128.30679,44.3077,176.242205602,36.3106290806,-78.3346,4499.25,3.5636,-0.971899
4.5850104,15.742976,111.348337102,-46.3830184192,-34.1468,5873.35,3.99714,-0.995553
168.57999,59.161025,143.863617619,53.8418366617,-30.9927,5065.29,4.55546,-0.42996
191.00767,-3.679305,299.327374915,59.1405938,14.4108,5482.19,4.15621,-0.238217
197.69712,39.331797,105.877946967,77.1486794691,54.0405,6282.27,3.53468,-1.44994
323.18745,74.343443,110.542970227,16.4769102293,-27.0237,6011.86,4.2989,-0.0423982
332.32999,-0.95946241,59.9715030882,-43.1566418194,-13.2984,7283.73,4.04105,-0.241485
1.067856,-4.83663,94.08873308,-65.0329811709,-132.685,6672.78,3.58572,-0.557431
124.44754,37.265053,184.218573887,32.4593807006,-44.5105,5070.31,4.557,-0.844852
9.9327097,16.10906,118.832525891,-46.6694851448,-35.1193,5469.33,4.44748,-0.905079
248.30819,44.430634,69.630063298,42.816402885,-136.39,7690.79,4.29737,-1.17294
35.948326,23.142935,149.049889902,-35.0017620189,5.25215,5607.61,3.85801,-0.724559
125.31378,46.878419,172.906461145,34.4149283823,-26.1138,5819.33,4.17879,-0.639076
356.19988,14.73992,99.7970131984,-45.117425521,-28.6442,5798.4,4.05634,-0.87075
334.00049,-0.228861,62.1924841406,-44.0146929515,-64.5387,5771.13,4.18221,-0.447053
7.0995798,7.7369299,113.024491257,-54.6910146055,25.0475,5272.5,4.56508,-0.747339
242.15074,47.919767,75.1696304318,46.6724952246,-351.626,7384.47,3.317,-2.58357
259.36838,42.592127,67.6891739238,34.7338786519,-2.00019,5339.68,4.55807,-0.526523
172.0563,64.651231,136.67305584,50.1986412875,-26.9922,4587.51,4.40794,-0.538986
114.22327,15.829748,203.5210627,17.0432880904,3.85533,5422.45,4.34462,-0.537977
161.45658,-0.052774,249.747126141,49.3942726423,21.1067,5285.12,4.55186,-0.871878
256.68566,29.296135,51.3136006241,34.4359671155,-57.8801,4713.52,4.65207,-0.752258
119.4971,10.738577,210.647032494,19.5919560983,132.323,6113.8,4.1292,-1.3503
179.87567,31.945796,186.716280601,77.7306710686,7.20607,6199.71,4.09826,-1.30776
213.2426,32.899256,55.9970797631,71.4672077095,-86.7925,6055.57,4.17918,-1.16958
